duplicate_group,sha256,instance_count,canonical_export_path_count,duplicate_class,canonical_export_paths,local_uploaded_filenames
SHA-fb4f42381c7f,fb4f42381c7f96cc79087c1773f8fdd5f6b19ade50d8fcd4beab1447c7a3a9de,4,2,same content referenced by multiple export paths,file-8XIR24v4vAiyVEgcs8vNYpHM.dat | file-9cZwkB5ND1aLUXqW4uFyKKcS.dat,file-8XIR24v4vAiyVEgcs8vNYpHM(1).dat | file-8XIR24v4vAiyVEgcs8vNYpHM.dat | file-9cZwkB5ND1aLUXqW4uFyKKcS(1).dat | file-9cZwkB5ND1aLUXqW4uFyKKcS.dat
SHA-0b8c42287a12,0b8c42287a126b2501072c795c7c59d0bed3f13338ee1c32f9092d6efb3b8acb,3,3,same content referenced by multiple export paths,file_000000001fd8622f82eb0e8e962baded.dat | file_0000000025f861f590a70a1d7545c6d3.dat | file_00000000778061f7b2ed76c736bd55b9.dat,file_000000001fd8622f82eb0e8e962baded.dat | file_0000000025f861f590a70a1d7545c6d3.dat | file_00000000778061f7b2ed76c736bd55b9.dat
SHA-4a6d44eda101,4a6d44eda101848fb2724113486ab44023b44b0d6f3189cc432913dca4b9faa9,3,3,same content referenced by multiple export paths,file_000000000b6061f7ba58fbf77dc31186.dat | file_0000000019e461f5b622d302082c6c5c.dat | file_000000008d9061f7ada2e101d52381f8.dat,file_000000000b6061f7ba58fbf77dc31186.dat | file_0000000019e461f5b622d302082c6c5c.dat | file_000000008d9061f7ada2e101d52381f8.dat
SHA-6aa05452b29f,6aa05452b29fa84d044a7b3cd746c5c3cf8469b0a2b2d65534bcace9564d4489,3,2,same content referenced by multiple export paths,file-29KcaQ58yVJiWvWq8YftaSMt.dat | file-73lzaef7bITIIrPf96HFc67v.dat,file-29KcaQ58yVJiWvWq8YftaSMt(1).dat | file-29KcaQ58yVJiWvWq8YftaSMt(2).dat | file-73lzaef7bITIIrPf96HFc67v.dat
SHA-b1e80d19b184,b1e80d19b184c503e7ba2fd6ac571f956f4bd67f21ca258e5110b9baa7f7642d,3,3,same content referenced by multiple export paths,file-EYWqKgrtLGMqM91rKrt5QF.dat | file-Lo67dMrrVoyFTcQAStbiuW.dat | file-VyuwYG8VrmqS4aYXggg6Pm.dat,file-EYWqKgrtLGMqM91rKrt5QF.dat | file-Lo67dMrrVoyFTcQAStbiuW.dat | file-VyuwYG8VrmqS4aYXggg6Pm.dat
SHA-df2088183f11,df2088183f11bb5ade80f6a6f2e84f90ac69d29411315c317ffadcd6b0b91d06,3,2,same content referenced by multiple export paths,file_00000000c000722f8995983cec0a29e0.dat | file_00000000d15c71f5ad58f38135914fa8.dat,file_00000000c000722f8995983cec0a29e0(2).dat | file_00000000c000722f8995983cec0a29e0.dat | file_00000000d15c71f5ad58f38135914fa8.dat
SHA-f77b469a82ab,f77b469a82ab248ebbbe15f991dde69d8acb9745a087f1b7cdbba8ccdac1ee5e,3,2,same content referenced by multiple export paths,file-6Gnf7ihg2RddBwxxTAr8MP.dat | file-SteHRDf1TdAQmBywV4u8C2.dat,file-6Gnf7ihg2RddBwxxTAr8MP(1).dat | file-6Gnf7ihg2RddBwxxTAr8MP.dat | file-SteHRDf1TdAQmBywV4u8C2.dat
SHA-0183fd8fd53b,0183fd8fd53bcb9f849621001dfba8bcf8027e6efee5cb92d31504f70edfcbe4,2,2,same content referenced by multiple export paths,file_00000000388c71fd8ac3891d51d8e7e8.dat | file_00000000625071f797e3b3fe2478e26b.dat,file_00000000388c71fd8ac3891d51d8e7e8.dat | file_00000000625071f797e3b3fe2478e26b.dat
SHA-01c35d4beef0,01c35d4beef00df3a2db305f43bf35c58c258f7e3cce4b3011530b18bc38c492,2,1,upload repetition,file-6DDZ4UkkkasFkbbNXvLkKy.dat,file-6DDZ4UkkkasFkbbNXvLkKy(1).dat | file-6DDZ4UkkkasFkbbNXvLkKy.dat
SHA-0405ef5109dc,0405ef5109dc2aba25b77f620a1e95b7c2d7dd32f90013b6b009d6411360a0d7,2,1,upload repetition,file-8ZepZbXArZrNffNEpBU6uW.dat,file-8ZepZbXArZrNffNEpBU6uW(1).dat | file-8ZepZbXArZrNffNEpBU6uW.dat
SHA-040767a76d3e,040767a76d3e651c043bd01e5b34455e519a4cde38b497451ebd6e1a5fc070ef,2,1,upload repetition,file_000000003ff071f58233aeedba4c2f83.dat,file_000000003ff071f58233aeedba4c2f83(1).dat | file_000000003ff071f58233aeedba4c2f83(2).dat
SHA-06658a1aad32,06658a1aad32b728057c56ffb7d398c20951d87b8212e14e6b4942f3b677b72f,2,1,upload repetition,file_000000004cd0722fb17feb6de0df5b28.dat,file_000000004cd0722fb17feb6de0df5b28(1).dat | file_000000004cd0722fb17feb6de0df5b28.dat
SHA-0a00b446b1a9,0a00b446b1a9840d1862c652964df592d8e4e4f7de522031e777ade273a362f4,2,1,upload repetition,file_000000005a8871fd8362c7c2c93d8f07.dat,file_000000005a8871fd8362c7c2c93d8f07(1).dat | file_000000005a8871fd8362c7c2c93d8f07.dat
SHA-14211cf9872c,14211cf9872cc6c6302772c91355460033716bb47ace8d8ff5473d18fb28fff7,2,1,upload repetition,file-8nhNqbmQTZFBSQFveQq8DH.dat,file-8nhNqbmQTZFBSQFveQq8DH(1).dat | file-8nhNqbmQTZFBSQFveQq8DH.dat
SHA-18de1b43a926,18de1b43a9260ab4491fec4f117b6e8a5eb7509d5bfd915d634d34f433cb2105,2,1,upload repetition,file_000000004ba071fda583aad757c1d55b.dat,file_000000004ba071fda583aad757c1d55b(1).dat | file_000000004ba071fda583aad757c1d55b.dat
SHA-1e93433365ff,1e93433365ff737a96ae6ad3f0e5ec84f6732f0db324cc35b74460f1246b00a0,2,2,same content referenced by multiple export paths,file_0000000007b471f585654564f81631a8.dat | file_00000000531871f5b2bc5eb20364d71f.dat,file_0000000007b471f585654564f81631a8.dat | file_00000000531871f5b2bc5eb20364d71f.dat
SHA-2501453eb8c2,2501453eb8c20f00225929245e18cf9a0ad52a10aa9998d3865eecd8ecc4d2a6,2,1,upload repetition,file-6JDM4QgVRwQwzhT6Yrpdfe.dat,file-6JDM4QgVRwQwzhT6Yrpdfe(1).dat | file-6JDM4QgVRwQwzhT6Yrpdfe.dat
SHA-2878d1d748fe,2878d1d748feb728540091f4096bf28a6ab20518e032c73322902c14a99f530f,2,2,same content referenced by multiple export paths,file-HZsmokUBoti0L5M2t2meYk6w.dat | file-gO0O9R1hu6pn8CwEJ2U4U3LP.dat,file-HZsmokUBoti0L5M2t2meYk6w.dat | file-gO0O9R1hu6pn8CwEJ2U4U3LP.dat
SHA-2a64b344d697,2a64b344d697c39a0b46205f19a7c58e36d2839139c7b775e7ea83f5953c7fa8,2,2,same content referenced by multiple export paths,file_000000000270722fa49ea07a43a0877a.dat | file_00000000bc64722f8b1f72d26201ed81.dat,file_000000000270722fa49ea07a43a0877a.dat | file_00000000bc64722f8b1f72d26201ed81.dat
SHA-2d53408ef4d6,2d53408ef4d6ee0aabc10675aaf82aa8ca2f604c10af98a6945c345932621a29,2,1,upload repetition,file-9zPkKXBbubyBtePtfmh822.dat,file-9zPkKXBbubyBtePtfmh822(1).dat | file-9zPkKXBbubyBtePtfmh822.dat
SHA-2e3093ee0c5a,2e3093ee0c5a72a9c5a0fac70e4f8675a4680e9f595c08adecf2dae91d571821,2,1,upload repetition,file_0000000005d8622fa7db07353e5ee981.dat,file_0000000005d8622fa7db07353e5ee981(1).dat | file_0000000005d8622fa7db07353e5ee981.dat
SHA-2e32f2209b69,2e32f2209b6935187f926b0f015103ddee82436df1d0a112a85b8932f471b221,2,1,upload repetition,file_000000004c887230b5e71bcc6977bc5d.dat,file_000000004c887230b5e71bcc6977bc5d(1).dat | file_000000004c887230b5e71bcc6977bc5d.dat
SHA-304866945319,30486694531921262ec27027a2c2429c32beacaec95a85c88b2f706df1bd077a,2,2,same content referenced by multiple export paths,file_000000004018722f92842e50b8f756e5.dat | file_000000005310722faf968a6e5400181c.dat,file_000000004018722f92842e50b8f756e5.dat | file_000000005310722faf968a6e5400181c.dat
SHA-383b9e3b78ed,383b9e3b78ed6ada17a89c5996518cfc7a28f6b2dbc482c94d7c374c337cf491,2,2,same content referenced by multiple export paths,file_0000000017b8722fa02b058c54e4db02.dat | file_0000000053e4720ca62f09c1f98857f5.dat,file_0000000017b8722fa02b058c54e4db02.dat | file_0000000053e4720ca62f09c1f98857f5.dat
SHA-4254c4f563d7,4254c4f563d775098a4d6befd3063a6de84593f0089f707eaccd2730111b1174,2,2,same content referenced by multiple export paths,file_00000000883071f58a705e375dbd3499.dat | file_00000000d5d4722fb52335be32e7df6c.dat,file_00000000883071f58a705e375dbd3499.dat | file_00000000d5d4722fb52335be32e7df6c.dat
SHA-4bd74253093b,4bd74253093bc4270a7e1ee3ec9bf3e01d4cbb6afa637d343bebb6bea49be0df,2,2,same content referenced by multiple export paths,file-FaAShu3FKlhf1iisn6qHg0UA.dat | file-m8Mt8osXafdUazZUZFDtFnCS.dat,file-FaAShu3FKlhf1iisn6qHg0UA.dat | file-m8Mt8osXafdUazZUZFDtFnCS.dat
SHA-4da186516d5a,4da186516d5a790247fc1df52ca94ee250eeef9507e453d39a8ce79658c11ba8,2,2,same content referenced by multiple export paths,file-S27eeGd02CaocSgLdBf2s8Qx.dat | file-cGmwUSUEJChzNJGLZWKTs9Ae.dat,file-S27eeGd02CaocSgLdBf2s8Qx.dat | file-cGmwUSUEJChzNJGLZWKTs9Ae.dat
SHA-4dfe5f7cc846,4dfe5f7cc846300bda0912b57b6489a7d5b50333c04d179ad73a1b1c06e995e9,2,1,upload repetition,file-6Hhdehr8FyqQo337SABTSb.dat,file-6Hhdehr8FyqQo337SABTSb(1).dat | file-6Hhdehr8FyqQo337SABTSb.dat
SHA-4e30b031e6c8,4e30b031e6c809914bfe335754bec08aef4701d146524649dcdc1bbf590a4dfb,2,2,same content referenced by multiple export paths,file_00000000177071f589291215b0ced264.dat | file_00000000b170722f854b4b49f520a4e7.dat,file_00000000177071f589291215b0ced264.dat | file_00000000b170722f854b4b49f520a4e7.dat
SHA-51dbd68813b9,51dbd68813b917ab210eac796301eadad2b482f5ab52a8119f3207d08058b07f,2,1,upload repetition,file-7ZbiCuNwN9eYmz2SdAqUsj.dat,file-7ZbiCuNwN9eYmz2SdAqUsj(1).dat | file-7ZbiCuNwN9eYmz2SdAqUsj.dat
SHA-52c6828375d2,52c6828375d2c0bb5ab6e0196815f7dc205d12c6965c2413ff790c5fb61ccc37,2,2,same content referenced by multiple export paths,file_0000000006fc71f6ad2ce578bce09f6b.dat | file_000000000f6471f693ffddad852a27dd.dat,file_0000000006fc71f6ad2ce578bce09f6b.dat | file_000000000f6471f693ffddad852a27dd.dat
SHA-594b1a914ed5,594b1a914ed555c653b79d1c11e530581b406771ac36f53514964356a2c4ff17,2,1,upload repetition,file-8uDTuTjAQdPGMQSsYUUvuE1m.dat,file-8uDTuTjAQdPGMQSsYUUvuE1m(1).dat | file-8uDTuTjAQdPGMQSsYUUvuE1m.dat
SHA-5e31803ec762,5e31803ec762fcad0912ecb1539e4805e58871498b4c21fe0a9303234b5ad126,2,1,upload repetition,file_0000000004e0720cb006be159c090099.dat,file_0000000004e0720cb006be159c090099(1).dat | file_0000000004e0720cb006be159c090099.dat
SHA-623157aeff5c,623157aeff5c5003d457e5b9537b59a4a7fa3412f39956fa8cf5219e78cd40db,2,1,upload repetition,file_000000004cb871f59dfa9765e1e3533b.dat,file_000000004cb871f59dfa9765e1e3533b(1).dat | file_000000004cb871f59dfa9765e1e3533b.dat
SHA-67ad08419e45,67ad08419e454b6f15cce184486ce913c3002744148887639f3353bac9453dfb,2,2,same content referenced by multiple export paths,file-EkMxWEKe9DLubA84jYZL8h.dat | file-Mp9od9bAvq4Z9ZYCd9uQ2B.dat,file-EkMxWEKe9DLubA84jYZL8h.dat | file-Mp9od9bAvq4Z9ZYCd9uQ2B.dat
SHA-6fe94dd7f2a8,6fe94dd7f2a82d26a565fcbd007bf70308356fabf56f721c335224d0e64c2d76,2,1,upload repetition,file_000000004b70722fb130c426040915d3.dat,file_000000004b70722fb130c426040915d3(1).dat | file_000000004b70722fb130c426040915d3.dat
SHA-749c4b0b9d5b,749c4b0b9d5bfcd8721a373c8146babac76f7db0f1a1eee98cc648749681ec5e,2,2,same content referenced by multiple export paths,file_00000000321871f5900459a6fca9b6fd.dat | file_00000000af28722f924823600bff3b41.dat,file_00000000321871f5900459a6fca9b6fd.dat | file_00000000af28722f924823600bff3b41.dat
SHA-7b71dd94ba0d,7b71dd94ba0d4f7c40e0afcc404c80c22a126fa6c31a5f909cffb90dc7a22ea2,2,1,upload repetition,file_000000004ed071fdbc67c7d80f50b3ac.dat,file_000000004ed071fdbc67c7d80f50b3ac(1).dat | file_000000004ed071fdbc67c7d80f50b3ac.dat
SHA-7cf3aa03a0c3,7cf3aa03a0c31642c936e56e89b0343c8e70c3a44e488593d516108d7b34987e,2,1,upload repetition,file-6zmSwwQ1Ns25123m6CWrxb.dat,file-6zmSwwQ1Ns25123m6CWrxb(1).dat | file-6zmSwwQ1Ns25123m6CWrxb.dat
SHA-7d79041874d6,7d79041874d6e003918712d3f03f94dc8c8a2f88ea2ca34d2ad87219fb0da3c9,2,2,same content referenced by multiple export paths,file_000000000ae4722f8cad7971b3a7dc30.dat | file_0000000051cc722fa692661368e18a4b.dat,file_000000000ae4722f8cad7971b3a7dc30.dat | file_0000000051cc722fa692661368e18a4b.dat
SHA-87d8ebfdb3a2,87d8ebfdb3a271a5e6b569f1bd3c491a1b11ab30c457f01aabad8654cae811a0,2,1,upload repetition,file-7pztPzZTMJ1KSTaHdpDaTg.dat,file-7pztPzZTMJ1KSTaHdpDaTg(1).dat | file-7pztPzZTMJ1KSTaHdpDaTg.dat
SHA-88702fc42226,88702fc4222643def14354e2ed78eb021101ade0f1b2b2ed9d15d66dc2d4d636,2,1,upload repetition,file_000000005ad871f5b2ddf3deb9c39c56.dat,file_000000005ad871f5b2ddf3deb9c39c56(1).dat | file_000000005ad871f5b2ddf3deb9c39c56.dat
SHA-8ad99e10bcc3,8ad99e10bcc32a7b81ae6c3898303837b42b3b15a9da0b348458ef4c8bde8847,2,2,same content referenced by multiple export paths,file_00000000589071f58badd19ac19b972a.dat | file_00000000fc68722f94e584f244a0a0a5.dat,file_00000000589071f58badd19ac19b972a.dat | file_00000000fc68722f94e584f244a0a0a5.dat
SHA-98fa7cbb886e,98fa7cbb886e8b233967727e3cd86b9866ea5f4040a1268bbd30337c0b21ebf6,2,1,upload repetition,file-33ZpBk76dxvZxreHCGNGJR.dat,file-33ZpBk76dxvZxreHCGNGJR(1).dat | file-33ZpBk76dxvZxreHCGNGJR.dat
SHA-9f3e053c73b8,9f3e053c73b85d487e6a0846577e2726f6a47660cd14617cca7534839e99b49e,2,2,same content referenced by multiple export paths,file-PCYsqcYEbei1eTCgDWX4dS.dat | file-TKDW9wEENzCnz2tdwttcQQ.dat,file-PCYsqcYEbei1eTCgDWX4dS.dat | file-TKDW9wEENzCnz2tdwttcQQ.dat
SHA-9fafd643be3e,9fafd643be3eacbb837c8ef3f6a047c033f11a2e448fb902e8380ee78d1972e6,2,2,same content referenced by multiple export paths,file-89aDLYrFe7u9UkZLP5Cd9V.dat | file-C72EvNXtFwYAVuX1T6kbcL.dat,file-89aDLYrFe7u9UkZLP5Cd9V.dat | file-C72EvNXtFwYAVuX1T6kbcL.dat
SHA-a43081b3b408,a43081b3b408607e1894cb7e5d1d1afc4d1605e116611e23d7264e3d4d6a6afb,2,1,upload repetition,file_0000000005d071fdba42f91f1d896a66.dat,file_0000000005d071fdba42f91f1d896a66(1).dat | file_0000000005d071fdba42f91f1d896a66.dat
SHA-a4fe608b69c0,a4fe608b69c01c1caf85c561f88a6f426994915869fbef80deaecfb90888bdac,2,2,same content referenced by multiple export paths,file-PBujDgkM7ERb533oScTHKo.dat | file-VfC9dtNvBTvhz3aWixUZSn.dat,file-PBujDgkM7ERb533oScTHKo.dat | file-VfC9dtNvBTvhz3aWixUZSn.dat
SHA-ac621f0b2b9e,ac621f0b2b9e9d530a8d567b87f9168efd9df2bcb1e7688cc225554fed9e87b2,2,1,upload repetition,file_000000004d8471fd85cd303022e805ed.dat,file_000000004d8471fd85cd303022e805ed(1).dat | file_000000004d8471fd85cd303022e805ed.dat
SHA-b5d04133d585,b5d04133d585a565cfba03d02c226f6523a6aceadc4c097b0979e02c718974b1,2,2,same content referenced by multiple export paths,file_000000009598622fa01601fda4bef924.dat | file_00000000b2cc61f7bbb3dd67ed9537d1.dat,file_000000009598622fa01601fda4bef924.dat | file_00000000b2cc61f7bbb3dd67ed9537d1.dat
SHA-bb27a7d97e71,bb27a7d97e71748166861cbcdb1a3f9dec21fdd142737edb6978abc88122b38d,2,2,same content referenced by multiple export paths,file-CARcKzJVTsDYWpi2SCSLjc.dat | file-Ftt7gejsFikJhee7MrjKhF.dat,file-CARcKzJVTsDYWpi2SCSLjc.dat | file-Ftt7gejsFikJhee7MrjKhF.dat
SHA-bb93aa22963b,bb93aa22963be4eba06fdad342110ed04605f1f44e39c0d08c09a80154d4375a,2,1,upload repetition,file-8DkGFqZ5BejtVTQb2HE8Dq.dat,file-8DkGFqZ5BejtVTQb2HE8Dq(1).dat | file-8DkGFqZ5BejtVTQb2HE8Dq.dat
SHA-bbcc436ca838,bbcc436ca8381174ef7fad25fbb7c5a05f2d65fa9ab69650716b4917badc0830,2,1,upload repetition,file_0000000005f47230b700d54bb44407eb.dat,file_0000000005f47230b700d54bb44407eb(1).dat | file_0000000005f47230b700d54bb44407eb.dat
SHA-bc426399ae39,bc426399ae39da2b095915e86968e47f0e2dc03f47e05d85ffd7b2a978d4dff5,2,1,upload repetition,file_000000005b2871fd98af3bf74f56bfa4.dat,file_000000005b2871fd98af3bf74f56bfa4(1).dat | file_000000005b2871fd98af3bf74f56bfa4.dat
SHA-bef065f95efc,bef065f95efc396576030aaec654f9ece9da7081f673f0f09ad1ef330379bb5a,2,1,upload repetition,file_000000003ff462309091c1befcf12416.dat,file_000000003ff462309091c1befcf12416(1).dat | file_000000003ff462309091c1befcf12416(2).dat
SHA-c5fddaef562c,c5fddaef562cb81dd518111439e0df40ed27d1570db6fea5b207880b3f3a67ca,2,1,upload repetition,file-10iXw18mziHOVlBPbx0raMsf.dat,file-10iXw18mziHOVlBPbx0raMsf(1).dat | file-10iXw18mziHOVlBPbx0raMsf(2).dat
SHA-ca18939215c5,ca18939215c516bf9822057a4665e06bc670cdd64c7d2589f2238207e45448f5,2,2,same content referenced by multiple export paths,file-vNWaZLiSgpd2gLMDH7Si8GKw.dat | file-yxCDv1Bb3X7gtfwgeKjvZBNK.dat,file-vNWaZLiSgpd2gLMDH7Si8GKw.dat | file-yxCDv1Bb3X7gtfwgeKjvZBNK.dat
SHA-ca22f76c8d58,ca22f76c8d5865714e378d6e0fc5c696d1ca2b6349e17f1ca35f805f840a6970,2,1,upload repetition,file-8orsrurhB9ChhXW43eSPyo.dat,file-8orsrurhB9ChhXW43eSPyo(1).dat | file-8orsrurhB9ChhXW43eSPyo.dat
SHA-cd482787b268,cd482787b2681530fe9204a1ff1ef9383767ab541a5bf19e4f54ec31b2dcba1c,2,2,same content referenced by multiple export paths,file_00000000381c71f784e94bc248e393f2.dat | file_00000000597471f7beb3a21756dafe97.dat,file_00000000381c71f784e94bc248e393f2.dat | file_00000000597471f7beb3a21756dafe97.dat
SHA-ce28d06a06db,ce28d06a06dbb2f2f938084a231c5e35b51d35f64282abb3655790957e52355a,2,1,upload repetition,file-7cqobrtrvehLw6AVDTwZwu.dat,file-7cqobrtrvehLw6AVDTwZwu(1).dat | file-7cqobrtrvehLw6AVDTwZwu.dat
SHA-de7760835216,de776083521670eb053f384daec1f7902ba9a8cc0f3cad0a8adee3071e02d252,2,1,upload repetition,file-6GQUXeFXxSHYoPECPb4pYn.dat,file-6GQUXeFXxSHYoPECPb4pYn(1).dat | file-6GQUXeFXxSHYoPECPb4pYn.dat
SHA-e2c45295e833,e2c45295e833ff0fb0ea7faa127986a4fbbb8588b372bdd9f18efe5464d34656,2,2,same content referenced by multiple export paths,file-5KVPxYp9999gyTWzDwJ2oX33.dat | file-IVXRArtimbHR83sDnqdQiqe0.dat,file-5KVPxYp9999gyTWzDwJ2oX33.dat | file-IVXRArtimbHR83sDnqdQiqe0.dat
SHA-f02b19f8479b,f02b19f8479b60687ac8ef15c009102334d066e58f3032c196b55c15ff2f1310,2,2,same content referenced by multiple export paths,file-0TqL1xx7D3iFN3jo3bKR5E9b.dat | file-J8VuM3CJIjED5CXoysz0NVrA.dat,file-0TqL1xx7D3iFN3jo3bKR5E9b(1).dat | file-J8VuM3CJIjED5CXoysz0NVrA.dat
SHA-f4c453ee18b7,f4c453ee18b7074529504de790dd30fc488a28f7b55eae020ea08c1a4cdf8f36,2,1,upload repetition,file_000000004ba471f7b2e28cda89ec8dd3.dat,file_000000004ba471f7b2e28cda89ec8dd3(1).dat | file_000000004ba471f7b2e28cda89ec8dd3.dat
SHA-f51d68791cae,f51d68791cae0d9130841e8cc7211c157b65accb01b63e11acfc0342a13f3124,2,2,same content referenced by multiple export paths,file_00000000b39471f686dc4ce3a8608173.dat | file_00000000ec5871f693eab45ac42fee5e.dat,file_00000000b39471f686dc4ce3a8608173.dat | file_00000000ec5871f693eab45ac42fee5e(1).dat
SHA-f727bd81e42f,f727bd81e42fb6fad1fbf46dc587df1b668e6a5bd871dfbea779ceee91c6189e,2,1,upload repetition,file_00000000c04c71f5b33cf2c4083db632.dat,file_00000000c04c71f5b33cf2c4083db632(1).dat | file_00000000c04c71f5b33cf2c4083db632.dat
SHA-f9f317aa9983,f9f317aa9983778d5a3188d753424185acce42ebfac9aace8b9c838f55706577,2,1,upload repetition,file_000000004c4c71fdb8836d3eb49ff833.dat,file_000000004c4c71fdb8836d3eb49ff833(1).dat | file_000000004c4c71fdb8836d3eb49ff833.dat
SHA-faf1ff061836,faf1ff06183612cf6f1dd7ea4de64208a47ced7b7e957f59ee57dddd27bcba6d,2,1,upload repetition,file_000000005a78722fb1a8068768af3961.dat,file_000000005a78722fb1a8068768af3961(1).dat | file_000000005a78722fb1a8068768af3961.dat
SHA-fb4ed7f85fb8,fb4ed7f85fb857df1440f13fe365b5afdff06a639317387f34f900812ea97914,2,2,same content referenced by multiple export paths,file_00000000143c722f82c905ee8f6a4cdf.dat | file_00000000fd3871f58f457270a053d654.dat,file_00000000143c722f82c905ee8f6a4cdf.dat | file_00000000fd3871f58f457270a053d654.dat
