export_path,category,expected_size_bytes,status,local_instance_count,local_filenames,all_sizes_match_manifest,restricted
ads.json,export metadata,2,not uploaded in this session,0,,,no
chat.html,rendered chat archive,21585931,not uploaded in this session,0,,,no
conversation_asset_file_names.json,export metadata,55956,present,1,conversation_asset_file_names(1).json,yes,no
conversations-000.json,conversation data,1052437,present,1,conversations-000(2).json,yes,no
conversations-001.json,conversation data,1300484,present,1,conversations-001(2).json,yes,no
conversations-002.json,conversation data,4652243,present,1,conversations-002(2).json,yes,no
conversations-003.json,conversation data,9552956,present,1,conversations-003(1).json,yes,no
conversations-004.json,conversation data,9054177,present,1,conversations-004(1).json,yes,no
conversations-005.json,conversation data,828657,present,1,conversations-005(1).json,yes,no
conversations-006.json,conversation data,165068,present,1,conversations-006(1).json,yes,no
file-0TqL1xx7D3iFN3jo3bKR5E9b.dat,asset,496762,present,1,file-0TqL1xx7D3iFN3jo3bKR5E9b(1).dat,yes,no
file-10iXw18mziHOVlBPbx0raMsf.dat,asset,873120,present,2,file-10iXw18mziHOVlBPbx0raMsf(1).dat | file-10iXw18mziHOVlBPbx0raMsf(2).dat,yes,no
file-1E6EAsXetFFESiAFAstwmf.dat,asset,132222,present,1,file-1E6EAsXetFFESiAFAstwmf(1).dat,yes,no
file-1Eb5pm91NJn6LdW0gvGmvOTU.dat,asset,157444,present,1,file-1Eb5pm91NJn6LdW0gvGmvOTU(1).dat,yes,no
file-1N2v2wmeoxZ2hAUb6dCvkM.dat,asset,348613,present,1,file-1N2v2wmeoxZ2hAUb6dCvkM(1).dat,yes,no
file-1QgGf3VwrSUHHMyPsXfXsm.dat,asset,8899,present,1,file-1QgGf3VwrSUHHMyPsXfXsm(1).dat,yes,no
file-1qNUkXdoAHKMJk524W96cw.dat,asset,3984981,present,1,file-1qNUkXdoAHKMJk524W96cw(1).dat,yes,no
file-1sG3cvVad6DuALgP5RfgHw.dat,asset,808518,present,1,file-1sG3cvVad6DuALgP5RfgHw(1).dat,yes,no
file-29KcaQ58yVJiWvWq8YftaSMt.dat,asset,453498,present,2,file-29KcaQ58yVJiWvWq8YftaSMt(1).dat | file-29KcaQ58yVJiWvWq8YftaSMt(2).dat,yes,no
file-2Cs75uYpArWGLS8ewijHdN.dat,asset,277403,present,1,file-2Cs75uYpArWGLS8ewijHdN.dat,yes,no
file-2SnHjqrLoZYrnSjvpzoNp5.dat,asset,4048673,present,1,file-2SnHjqrLoZYrnSjvpzoNp5.dat,yes,no
file-2XrxPFJCqrVobrGnCZ9Ys5.dat,asset,415107,present,1,file-2XrxPFJCqrVobrGnCZ9Ys5.dat,yes,no
file-2dLJdH1cigE4igxZaRkVRo.dat,asset,2583817,present,1,file-2dLJdH1cigE4igxZaRkVRo.dat,yes,no
file-2sXDwuQ9yiYr6DBZoLjuGV.dat,asset,429520,present,1,file-2sXDwuQ9yiYr6DBZoLjuGV.dat,yes,no
file-33ZpBk76dxvZxreHCGNGJR.dat,asset,152908,present,2,file-33ZpBk76dxvZxreHCGNGJR(1).dat | file-33ZpBk76dxvZxreHCGNGJR.dat,yes,no
file-3Amzum7XNisgp5Aarp5rBM.dat,asset,254634,present,1,file-3Amzum7XNisgp5Aarp5rBM.dat,yes,no
file-3Fjua1cYJLN2iePE5hHdPA.dat,asset,263850,present,1,file-3Fjua1cYJLN2iePE5hHdPA.dat,yes,no
file-3MY8pFbrPCnEGv1vFoh1dU.dat,asset,262123,present,1,file-3MY8pFbrPCnEGv1vFoh1dU.dat,yes,no
file-3SWcmzY1Xx8Ar21koK3rFz.dat,asset,4069602,present,1,file-3SWcmzY1Xx8Ar21koK3rFz.dat,yes,no
file-3b34fQv2mDdUFpNaBhtk6z.dat,asset,162265,present,1,file-3b34fQv2mDdUFpNaBhtk6z.dat,yes,no
file-3cCzWunvqSRGaawFUGj7L8.dat,asset,315752,present,1,file-3cCzWunvqSRGaawFUGj7L8.dat,yes,no
file-3gZjiFc3CWmh5Wahp3aCLM.dat,asset,25928,present,1,file-3gZjiFc3CWmh5Wahp3aCLM.dat,yes,no
file-3iL9EyEHwpmy2HzJ5w62Dx.dat,asset,266613,present,1,file-3iL9EyEHwpmy2HzJ5w62Dx.dat,yes,no
file-4GoZYQVVNr8J7D5Fakvytt.dat,asset,167809,present,1,file-4GoZYQVVNr8J7D5Fakvytt.dat,yes,no
file-4pZLtEzTFSNaMxitaVnuth.dat,asset,266847,present,1,file-4pZLtEzTFSNaMxitaVnuth.dat,yes,no
file-4qgcxyW5iWGAit5qTQAcFf.dat,asset,2993549,present,1,file-4qgcxyW5iWGAit5qTQAcFf.dat,yes,no
file-4rFzDofFvsC6tyu4AYdvpz.dat,asset,560739,present,1,file-4rFzDofFvsC6tyu4AYdvpz.dat,yes,no
file-5KVPxYp9999gyTWzDwJ2oX33.dat,asset,378696,present,1,file-5KVPxYp9999gyTWzDwJ2oX33.dat,yes,no
file-5KfhME8jy5VX1xzK9bGujK.dat,asset,16346,present,1,file-5KfhME8jy5VX1xzK9bGujK.dat,yes,no
file-5M8pCivgvBwAeijLmjwfRK.dat,asset,157707,present,1,file-5M8pCivgvBwAeijLmjwfRK.dat,yes,no
file-5N3gq8pfmBjBVvi2ygUQwm.dat,asset,243428,present,1,file-5N3gq8pfmBjBVvi2ygUQwm.dat,yes,no
file-5hqPN2p15KKpnxijqMv1KZ.dat,asset,443220,present,1,file-5hqPN2p15KKpnxijqMv1KZ.dat,yes,no
file-5jRVUgs59T3Rw6iYgPCJtV.dat,asset,3826176,present,1,file-5jRVUgs59T3Rw6iYgPCJtV.dat,yes,no
file-61cVsGuCn2qEjMaUUEsfeH.dat,asset,256918,present,1,file-61cVsGuCn2qEjMaUUEsfeH.dat,yes,no
file-64AUr178spdKCiZHXq3pUr.dat,asset,23339,present,1,file-64AUr178spdKCiZHXq3pUr.dat,yes,no
file-65k2Y3jFNuBJUz59QNfXX4.dat,asset,440809,present,1,file-65k2Y3jFNuBJUz59QNfXX4.dat,yes,no
file-6DDZ4UkkkasFkbbNXvLkKy.dat,asset,292336,present,2,file-6DDZ4UkkkasFkbbNXvLkKy(1).dat | file-6DDZ4UkkkasFkbbNXvLkKy.dat,yes,no
file-6GQUXeFXxSHYoPECPb4pYn.dat,asset,186385,present,2,file-6GQUXeFXxSHYoPECPb4pYn(1).dat | file-6GQUXeFXxSHYoPECPb4pYn.dat,yes,no
file-6Gnf7ihg2RddBwxxTAr8MP.dat,asset,300645,present,2,file-6Gnf7ihg2RddBwxxTAr8MP(1).dat | file-6Gnf7ihg2RddBwxxTAr8MP.dat,yes,no
file-6Hhdehr8FyqQo337SABTSb.dat,asset,3920089,present,2,file-6Hhdehr8FyqQo337SABTSb(1).dat | file-6Hhdehr8FyqQo337SABTSb.dat,yes,no
file-6JDM4QgVRwQwzhT6Yrpdfe.dat,asset,306363,present,2,file-6JDM4QgVRwQwzhT6Yrpdfe(1).dat | file-6JDM4QgVRwQwzhT6Yrpdfe.dat,yes,no
file-6zmSwwQ1Ns25123m6CWrxb.dat,asset,130380,present,2,file-6zmSwwQ1Ns25123m6CWrxb(1).dat | file-6zmSwwQ1Ns25123m6CWrxb.dat,yes,no
file-73lzaef7bITIIrPf96HFc67v.dat,asset,453498,present,1,file-73lzaef7bITIIrPf96HFc67v.dat,yes,no
file-76SWUjcLUMqetBonoePqS3.dat,asset,19921,present,1,file-76SWUjcLUMqetBonoePqS3.dat,yes,no
file-7ZbiCuNwN9eYmz2SdAqUsj.dat,asset,3829197,present,2,file-7ZbiCuNwN9eYmz2SdAqUsj(1).dat | file-7ZbiCuNwN9eYmz2SdAqUsj.dat,yes,no
file-7cqobrtrvehLw6AVDTwZwu.dat,asset,333000,present,2,file-7cqobrtrvehLw6AVDTwZwu(1).dat | file-7cqobrtrvehLw6AVDTwZwu.dat,yes,no
file-7pztPzZTMJ1KSTaHdpDaTg.dat,asset,33478,present,2,file-7pztPzZTMJ1KSTaHdpDaTg(1).dat | file-7pztPzZTMJ1KSTaHdpDaTg.dat,yes,no
file-84a1maDJkEvxVgvPtZy9EP.dat,asset,102025,present,1,file-84a1maDJkEvxVgvPtZy9EP.dat,yes,no
file-89aDLYrFe7u9UkZLP5Cd9V.dat,asset,337321,present,1,file-89aDLYrFe7u9UkZLP5Cd9V.dat,yes,no
file-8DkGFqZ5BejtVTQb2HE8Dq.dat,asset,3582570,present,2,file-8DkGFqZ5BejtVTQb2HE8Dq(1).dat | file-8DkGFqZ5BejtVTQb2HE8Dq.dat,yes,no
file-8XIR24v4vAiyVEgcs8vNYpHM.dat,asset,360616,present,2,file-8XIR24v4vAiyVEgcs8vNYpHM(1).dat | file-8XIR24v4vAiyVEgcs8vNYpHM.dat,yes,no
file-8ZepZbXArZrNffNEpBU6uW.dat,asset,243387,present,2,file-8ZepZbXArZrNffNEpBU6uW(1).dat | file-8ZepZbXArZrNffNEpBU6uW.dat,yes,no
file-8nhNqbmQTZFBSQFveQq8DH.dat,asset,425941,present,2,file-8nhNqbmQTZFBSQFveQq8DH(1).dat | file-8nhNqbmQTZFBSQFveQq8DH.dat,yes,no
file-8orsrurhB9ChhXW43eSPyo.dat,asset,19403,present,2,file-8orsrurhB9ChhXW43eSPyo(1).dat | file-8orsrurhB9ChhXW43eSPyo.dat,yes,no
file-8uDTuTjAQdPGMQSsYUUvuE1m.dat,asset,189272,present,2,file-8uDTuTjAQdPGMQSsYUUvuE1m(1).dat | file-8uDTuTjAQdPGMQSsYUUvuE1m.dat,yes,no
file-92WDgs9XqQpDm8bADSxVeUAO.dat,asset,959631,present,1,file-92WDgs9XqQpDm8bADSxVeUAO.dat,yes,no
file-9cZwkB5ND1aLUXqW4uFyKKcS.dat,asset,360616,present,2,file-9cZwkB5ND1aLUXqW4uFyKKcS(1).dat | file-9cZwkB5ND1aLUXqW4uFyKKcS.dat,yes,no
file-9zPkKXBbubyBtePtfmh822.dat,asset,186517,present,2,file-9zPkKXBbubyBtePtfmh822(1).dat | file-9zPkKXBbubyBtePtfmh822.dat,yes,no
file-A3r8iC4M62TKwMc5NNagWp.dat,asset,19340,present,1,file-A3r8iC4M62TKwMc5NNagWp.dat,yes,no
file-ADxwPA9QJdo3Tq4rsu5BCq.dat,asset,506747,present,1,file-ADxwPA9QJdo3Tq4rsu5BCq.dat,yes,no
file-AM9xqkktVGnhGEcLandZ8J.dat,asset,329210,present,1,file-AM9xqkktVGnhGEcLandZ8J.dat,yes,no
file-AyATILF74MZdBpwOP2zLaVKW.dat,asset,520404,present,1,file-AyATILF74MZdBpwOP2zLaVKW.dat,yes,no
file-BAF3EEjavwzL8pjQLA64u7.dat,asset,322813,present,1,file-BAF3EEjavwzL8pjQLA64u7.dat,yes,no
file-Be3inKPujy1at6G8JPWHRT.dat,asset,329996,present,1,file-Be3inKPujy1at6G8JPWHRT.dat,yes,no
file-BjKRh9N9jdcXke63h4k9Pp.dat,asset,109701,present,1,file-BjKRh9N9jdcXke63h4k9Pp.dat,yes,no
file-BxmPYCeqJfCOpnsIc9pn5Gtk.dat,asset,3251,present,1,file-BxmPYCeqJfCOpnsIc9pn5Gtk.dat,yes,no
file-C72EvNXtFwYAVuX1T6kbcL.dat,asset,337321,present,1,file-C72EvNXtFwYAVuX1T6kbcL.dat,yes,no
file-CARcKzJVTsDYWpi2SCSLjc.dat,asset,284402,present,1,file-CARcKzJVTsDYWpi2SCSLjc.dat,yes,no
file-CXxVsQCNDRuDQfBg8GGbTK.dat,asset,229576,present,1,file-CXxVsQCNDRuDQfBg8GGbTK.dat,yes,no
file-DD6h5hNzNPBkiGBhaVfpak.dat,asset,165660,present,1,file-DD6h5hNzNPBkiGBhaVfpak.dat,yes,no
file-DWja99dQTKMKk2j8xu8BLe.dat,asset,276926,present,1,file-DWja99dQTKMKk2j8xu8BLe.dat,yes,no
file-E1qubuC4VBKpuh2vdwDsyw.dat,asset,418619,present,1,file-E1qubuC4VBKpuh2vdwDsyw.dat,yes,no
file-ENAzxLMeBoxkSSrCvmC6EE.dat,asset,495947,present,1,file-ENAzxLMeBoxkSSrCvmC6EE.dat,yes,no
file-EYWqKgrtLGMqM91rKrt5QF.dat,asset,536262,present,1,file-EYWqKgrtLGMqM91rKrt5QF.dat,yes,no
file-EbYwm5KZyFwPPMkkcQjGUK.dat,asset,354721,present,1,file-EbYwm5KZyFwPPMkkcQjGUK.dat,yes,no
file-EkMxWEKe9DLubA84jYZL8h.dat,asset,283064,present,1,file-EkMxWEKe9DLubA84jYZL8h.dat,yes,no
file-EyA2NFS7xvc75bVyRpyYvt.dat,asset,65956,present,1,file-EyA2NFS7xvc75bVyRpyYvt.dat,yes,no
file-F8c4QFEJta7st3qaeJ3qC5.dat,asset,286382,present,1,file-F8c4QFEJta7st3qaeJ3qC5.dat,yes,no
file-FaAShu3FKlhf1iisn6qHg0UA.dat,asset,411516,present,1,file-FaAShu3FKlhf1iisn6qHg0UA.dat,yes,no
file-Fp2zquzMFPvh2HWnrb2TwT.dat,asset,228811,present,1,file-Fp2zquzMFPvh2HWnrb2TwT.dat,yes,no
file-Ftt7gejsFikJhee7MrjKhF.dat,asset,284402,present,1,file-Ftt7gejsFikJhee7MrjKhF.dat,yes,no
file-G4VDglT0KSlfyb5aSyADChQK.dat,asset,195458,present,1,file-G4VDglT0KSlfyb5aSyADChQK.dat,yes,no
file-G75aB86nY4Rszs6GY6cEAM.dat,asset,273446,present,1,file-G75aB86nY4Rszs6GY6cEAM.dat,yes,no
file-GBFo8hCNWjES4ktJvUSuNz.dat,asset,40027,present,1,file-GBFo8hCNWjES4ktJvUSuNz.dat,yes,no
file-GjwgVeDx5EXexwzo2wYpWx.dat,asset,237832,present,1,file-GjwgVeDx5EXexwzo2wYpWx.dat,yes,no
file-HQSBMmzwYkuDYgxJAwooED.dat,asset,222333,present,1,file-HQSBMmzwYkuDYgxJAwooED.dat,yes,no
file-HQTiHugAHhFjRHTgruFYLv.dat,asset,186839,present,1,file-HQTiHugAHhFjRHTgruFYLv.dat,yes,no
file-HY4jyLwTaW5NvoDQtBzki8.dat,asset,279658,present,1,file-HY4jyLwTaW5NvoDQtBzki8.dat,yes,no
file-HZsmokUBoti0L5M2t2meYk6w.dat,asset,762474,present,1,file-HZsmokUBoti0L5M2t2meYk6w.dat,yes,no
file-HcUwHfdDy1nnqf6LEwV5yp.dat,asset,209722,present,1,file-HcUwHfdDy1nnqf6LEwV5yp.dat,yes,no
file-Hom1qVqUYPEw3AubZsqcTy.dat,asset,279922,present,1,file-Hom1qVqUYPEw3AubZsqcTy.dat,yes,no
file-IVXRArtimbHR83sDnqdQiqe0.dat,asset,378696,present,1,file-IVXRArtimbHR83sDnqdQiqe0.dat,yes,no
file-J1mnZ1PGPeXKE9zcyswmNj.dat,asset,27518,present,1,file-J1mnZ1PGPeXKE9zcyswmNj.dat,yes,no
file-J41KBxHyd3NMgxRG1U8VT1.dat,asset,239712,present,1,file-J41KBxHyd3NMgxRG1U8VT1.dat,yes,no
file-J8VuM3CJIjED5CXoysz0NVrA.dat,asset,496762,present,1,file-J8VuM3CJIjED5CXoysz0NVrA.dat,yes,no
file-JMwe45ZCMa151aePRTajdW.dat,asset,1068213,present,1,file-JMwe45ZCMa151aePRTajdW.dat,yes,no
file-JPuAwCkPArKxVDr9zNMVrX.dat,asset,161910,present,1,file-JPuAwCkPArKxVDr9zNMVrX.dat,yes,no
file-JRmSdgZqg88rYPnVhheQva.dat,asset,969133,present,1,file-JRmSdgZqg88rYPnVhheQva.dat,yes,no
file-JY4YNyPcb5zSiUnRb2nfvZ.dat,asset,3776549,present,1,file-JY4YNyPcb5zSiUnRb2nfvZ.dat,yes,no
file-JYhfrzv2tQvhAQuXdQM6JA.dat,asset,3535284,present,1,file-JYhfrzv2tQvhAQuXdQM6JA.dat,yes,no
file-Jg15NHDJze5Tf2IPbw2vo0JU.dat,asset,562777,present,1,file-Jg15NHDJze5Tf2IPbw2vo0JU.dat,yes,no
file-Jg6fxYM9JKepqOpRuAlYTFsP.dat,asset,506994,present,1,file-Jg6fxYM9JKepqOpRuAlYTFsP.dat,yes,no
file-JvTneFrLsFjqqgkuEdtGsG9K.dat,asset,48463,present,1,file-JvTneFrLsFjqqgkuEdtGsG9K.dat,yes,no
file-K4wL8XnD6w6pUgs49zAZpk.dat,asset,397133,present,1,file-K4wL8XnD6w6pUgs49zAZpk.dat,yes,no
file-KEWnkNXgepoZ6tBvgxZxy4.dat,asset,3242343,present,1,file-KEWnkNXgepoZ6tBvgxZxy4.dat,yes,no
file-L3KEndyqF9QDqfkbLR2ex8.dat,asset,13481,present,1,file-L3KEndyqF9QDqfkbLR2ex8.dat,yes,no
file-LAkBqcm1iixis2UV9FAhhD.dat,asset,17270,present,1,file-LAkBqcm1iixis2UV9FAhhD.dat,yes,no
file-LDyVbvEBQysuvFsEkssS6p.dat,asset,186923,present,1,file-LDyVbvEBQysuvFsEkssS6p.dat,yes,no
file-LM1CjXHMfghrgxeHSNe2Bc.dat,asset,177993,present,1,file-LM1CjXHMfghrgxeHSNe2Bc.dat,yes,no
file-LSSXmPdHNvcY8jYVszPhmC.dat,asset,397287,present,1,file-LSSXmPdHNvcY8jYVszPhmC.dat,yes,no
file-LcBWsu2sHrvqQ3oML2RmkG.dat,asset,29699,present,1,file-LcBWsu2sHrvqQ3oML2RmkG.dat,yes,no
file-Lgv6PwBzgpZC72Gx3EMqMb.dat,asset,268714,present,1,file-Lgv6PwBzgpZC72Gx3EMqMb.dat,yes,no
file-Lo67dMrrVoyFTcQAStbiuW.dat,asset,536262,present,1,file-Lo67dMrrVoyFTcQAStbiuW.dat,yes,no
file-MMEB6n3RFPxXtPjuXJnKsM.dat,asset,237939,present,1,file-MMEB6n3RFPxXtPjuXJnKsM.dat,yes,no
file-MMuKk5DvAsPLtp71y9i1Gv.dat,asset,143499,present,1,file-MMuKk5DvAsPLtp71y9i1Gv.dat,yes,no
file-Mp9od9bAvq4Z9ZYCd9uQ2B.dat,asset,283064,present,1,file-Mp9od9bAvq4Z9ZYCd9uQ2B.dat,yes,no
file-MwBR35rLsUAqdCRa1gpsVL.dat,asset,1099690,present,1,file-MwBR35rLsUAqdCRa1gpsVL.dat,yes,no
file-N77iJ3ZpTKSXh771gt9qmf.dat,asset,337742,present,1,file-N77iJ3ZpTKSXh771gt9qmf.dat,yes,no
file-N9zYHbMkAEfo4eD8Nv5yuG.dat,asset,79585,present,1,file-N9zYHbMkAEfo4eD8Nv5yuG.dat,yes,no
file-NGWqMYCkJJDTbGRYCeUw6V.dat,asset,3527606,present,1,file-NGWqMYCkJJDTbGRYCeUw6V.dat,yes,no
file-NPNndQGRX1Uji1ymx4B8gn.dat,asset,21623,present,1,file-NPNndQGRX1Uji1ymx4B8gn.dat,yes,no
file-P3u8DW8pAwfksG4y8RCSnq.dat,asset,281198,present,1,file-P3u8DW8pAwfksG4y8RCSnq.dat,yes,no
file-PBujDgkM7ERb533oScTHKo.dat,asset,314989,present,1,file-PBujDgkM7ERb533oScTHKo.dat,yes,no
file-PCYsqcYEbei1eTCgDWX4dS.dat,asset,320318,present,1,file-PCYsqcYEbei1eTCgDWX4dS.dat,yes,no
file-PKAJy6KdHs7kLvjEonRPn5.dat,asset,239348,present,1,file-PKAJy6KdHs7kLvjEonRPn5.dat,yes,no
file-PKuT1n3gBniH39esJHBitV.dat,asset,3247999,present,1,file-PKuT1n3gBniH39esJHBitV.dat,yes,no
file-PRG9pZc1MPrqtSJD7UaZeR.dat,asset,590286,present,1,file-PRG9pZc1MPrqtSJD7UaZeR.dat,yes,no
file-PbdhExEJgpLLhR7suvu84p.dat,asset,82715,present,1,file-PbdhExEJgpLLhR7suvu84p.dat,yes,no
file-Q2ujQXnHcZce2DLUeqFYdY.dat,asset,513999,present,1,file-Q2ujQXnHcZce2DLUeqFYdY.dat,yes,no
file-Q5DUsnxhRd93oPS683nsTe.dat,asset,205497,present,1,file-Q5DUsnxhRd93oPS683nsTe.dat,yes,no
file-QGbBN3ytht1F2C8dcPhcMd.dat,asset,14621,present,1,file-QGbBN3ytht1F2C8dcPhcMd.dat,yes,no
file-QGcZCf4e56HAAsgczDX5XU.dat,asset,401655,present,1,file-QGcZCf4e56HAAsgczDX5XU.dat,yes,no
file-QKNApgSmBdg916qTNpksnB.dat,asset,216429,present,1,file-QKNApgSmBdg916qTNpksnB.dat,yes,no
file-QUh9FLv87uiPKky15SKfDp.dat,asset,379175,present,1,file-QUh9FLv87uiPKky15SKfDp.dat,yes,no
file-QVMjDvmqkNaZCyDqneWadE.dat,asset,466898,present,1,file-QVMjDvmqkNaZCyDqneWadE.dat,yes,no
file-QjUoojnFSu32GwokXA3BsN.dat,asset,694152,present,1,file-QjUoojnFSu32GwokXA3BsN.dat,yes,no
file-RLfRXjNugofLoPeaBeDPS9.dat,asset,3385601,present,1,file-RLfRXjNugofLoPeaBeDPS9.dat,yes,no
file-RP3DGiVvufxWf1wckySTcK.dat,asset,18278,present,1,file-RP3DGiVvufxWf1wckySTcK.dat,yes,no
file-RwHPCUJvJoE78xRAD8xscw.dat,asset,72533,present,1,file-RwHPCUJvJoE78xRAD8xscw.dat,yes,no
file-S27eeGd02CaocSgLdBf2s8Qx.dat,asset,564357,present,1,file-S27eeGd02CaocSgLdBf2s8Qx.dat,yes,no
file-S9Ck36k9apKwygk8Qb9YGP.dat,asset,422939,present,1,file-S9Ck36k9apKwygk8Qb9YGP.dat,yes,no
file-ScdpuqmmxNLYUsVuizCxqd.dat,asset,267539,present,1,file-ScdpuqmmxNLYUsVuizCxqd.dat,yes,no
file-Sh3ktkZteWjdf1xgXFJU58.dat,asset,208998,present,1,file-Sh3ktkZteWjdf1xgXFJU58.dat,yes,no
file-SteHRDf1TdAQmBywV4u8C2.dat,asset,300645,present,1,file-SteHRDf1TdAQmBywV4u8C2.dat,yes,no
file-TKDW9wEENzCnz2tdwttcQQ.dat,asset,320318,present,1,file-TKDW9wEENzCnz2tdwttcQQ.dat,yes,no
file-TXBEJDJFWZZhXdCYKtuLeZ.dat,asset,586912,present,1,file-TXBEJDJFWZZhXdCYKtuLeZ.dat,yes,no
file-TZbrF6VGgzq77k96yZvzLA.dat,asset,179117,present,1,file-TZbrF6VGgzq77k96yZvzLA.dat,yes,no
file-UF6WFdA8gr1v91ujvY8fzo.dat,asset,564143,present,1,file-UF6WFdA8gr1v91ujvY8fzo.dat,yes,no
file-ULfyw6VXiwnQqE7qv4PVHq.dat,asset,223123,present,1,file-ULfyw6VXiwnQqE7qv4PVHq.dat,yes,no
file-UQ7vXHL0nK4RaKo6gLExkVcL.dat,asset,3356,present,1,file-UQ7vXHL0nK4RaKo6gLExkVcL.dat,yes,no
file-UTYGyKuA2PVKeefjwTQ642.dat,asset,279090,present,1,file-UTYGyKuA2PVKeefjwTQ642.dat,yes,no
file-UhuPQ858hmM5DSUSwSZfL4.dat,asset,168372,present,1,file-UhuPQ858hmM5DSUSwSZfL4.dat,yes,no
file-Uir85JM23P5s2SVTxu1BUb.dat,asset,213454,present,1,file-Uir85JM23P5s2SVTxu1BUb.dat,yes,no
file-UrC5xyKgBgfKA2yXmuPV85.dat,asset,33477,present,1,file-UrC5xyKgBgfKA2yXmuPV85.dat,yes,no
file-V3tRx9mC2yLJYouXtUGp3f.dat,asset,274434,present,1,file-V3tRx9mC2yLJYouXtUGp3f.dat,yes,no
file-V5otTFtNCqb8DiHAvZwHn5.dat,asset,470271,present,1,file-V5otTFtNCqb8DiHAvZwHn5.dat,yes,no
file-VDUJLjns56tcKpov5hqTsn.dat,asset,273720,present,1,file-VDUJLjns56tcKpov5hqTsn.dat,yes,no
file-VG8neARB1uMFNq3VvoSNme.dat,asset,161403,present,1,file-VG8neARB1uMFNq3VvoSNme.dat,yes,no
file-VJaAX3kA8CzWfMbsHK6qnm.dat,asset,271706,present,1,file-VJaAX3kA8CzWfMbsHK6qnm.dat,yes,no
file-VfC9dtNvBTvhz3aWixUZSn.dat,asset,314989,present,1,file-VfC9dtNvBTvhz3aWixUZSn.dat,yes,no
file-Vi5LmzuTMdXNZpEa7qHujG.dat,asset,1089574,present,1,file-Vi5LmzuTMdXNZpEa7qHujG.dat,yes,no
file-VyuwYG8VrmqS4aYXggg6Pm.dat,asset,536262,present,1,file-VyuwYG8VrmqS4aYXggg6Pm.dat,yes,no
file-W8n9KMR2okCpvB1kwHsVfv.dat,asset,3431449,present,1,file-W8n9KMR2okCpvB1kwHsVfv.dat,yes,no
file-WKubpg28bPZVNy76b9uKhi.dat,asset,2904649,present,1,file-WKubpg28bPZVNy76b9uKhi.dat,yes,no
file-WW7pHh3nJTADnzjafN22Xm.dat,asset,330779,present,1,file-WW7pHh3nJTADnzjafN22Xm.dat,yes,no
file-WyqUbYtgFwnwBkutoKdXFD.dat,asset,161755,present,1,file-WyqUbYtgFwnwBkutoKdXFD.dat,yes,no
file-XL4hpmkPV1yRGDq6v53Vwu.dat,asset,281248,present,1,file-XL4hpmkPV1yRGDq6v53Vwu.dat,yes,no
file-XUKERbwUL8ki3hPwSkxA6w.dat,asset,3906,present,1,file-XUKERbwUL8ki3hPwSkxA6w.dat,yes,no
file-XYyv1RNKXUw51gYb9ZtHfV.dat,asset,102094,present,1,file-XYyv1RNKXUw51gYb9ZtHfV.dat,yes,no
file-XqP7fhE4NctdM9X4xL6fuT.dat,asset,322120,present,1,file-XqP7fhE4NctdM9X4xL6fuT.dat,yes,no
file-YDQVwU9LhgLkQCYHbXXfzg.dat,asset,387279,present,1,file-YDQVwU9LhgLkQCYHbXXfzg.dat,yes,no
file-YWjEkoM5jgoWfB5uppDvs8.dat,asset,3911096,present,1,file-YWjEkoM5jgoWfB5uppDvs8.dat,yes,no
file-YsoNwo5vtKruubsdtbL72AK8.dat,asset,977645,present,1,file-YsoNwo5vtKruubsdtbL72AK8.dat,yes,no
file-cGmwUSUEJChzNJGLZWKTs9Ae.dat,asset,564357,present,1,file-cGmwUSUEJChzNJGLZWKTs9Ae.dat,yes,no
file-cnyd5cudHgfsnObjHcaJkCni.dat,asset,503530,present,1,file-cnyd5cudHgfsnObjHcaJkCni.dat,yes,no
file-dbjINxpeyM8IHbDQfncPOfBG.dat,asset,11674,present,1,file-dbjINxpeyM8IHbDQfncPOfBG.dat,yes,no
file-dtH1HKqo8PBDIm6ya8DAkoqv.dat,asset,892724,present,1,file-dtH1HKqo8PBDIm6ya8DAkoqv.dat,yes,no
file-fqXEHWpnG8OHF0XCRmdHCJxb.dat,asset,455434,present,1,file-fqXEHWpnG8OHF0XCRmdHCJxb.dat,yes,no
file-gO0O9R1hu6pn8CwEJ2U4U3LP.dat,asset,762474,present,1,file-gO0O9R1hu6pn8CwEJ2U4U3LP.dat,yes,no
file-gpXlAui2bZ71AsRmprfG97zk.dat,asset,514824,present,1,file-gpXlAui2bZ71AsRmprfG97zk.dat,yes,no
file-hLRB8z5ECT7rw7kDqOKEtrb9.dat,asset,501410,present,1,file-hLRB8z5ECT7rw7kDqOKEtrb9.dat,yes,no
file-huuQFO6xG4zbrtbH0Zkyder5.dat,asset,735792,present,1,file-huuQFO6xG4zbrtbH0Zkyder5.dat,yes,no
file-m8Mt8osXafdUazZUZFDtFnCS.dat,asset,411516,present,1,file-m8Mt8osXafdUazZUZFDtFnCS.dat,yes,no
file-mmDl33rirR11cblrdaxThctj.dat,asset,3316705,present,1,file-mmDl33rirR11cblrdaxThctj.dat,yes,no
file-qwyq58OQbtoKUcteglIypLcb.dat,asset,1149334,present,1,file-qwyq58OQbtoKUcteglIypLcb.dat,yes,no
file-rouJg3fDpVHtMVos6mJYJeqk.dat,asset,25338,present,1,file-rouJg3fDpVHtMVos6mJYJeqk.dat,yes,no
file-vNWaZLiSgpd2gLMDH7Si8GKw.dat,asset,149274,present,1,file-vNWaZLiSgpd2gLMDH7Si8GKw.dat,yes,no
file-vSIMWrHCC7WNgLfZr7XGkRyz.dat,asset,377308,present,1,file-vSIMWrHCC7WNgLfZr7XGkRyz.dat,yes,no
file-vbNERVowPsKw4BTPQHJ0P9NH.dat,asset,307915,present,1,file-vbNERVowPsKw4BTPQHJ0P9NH.dat,yes,no
file-yxCDv1Bb3X7gtfwgeKjvZBNK.dat,asset,149274,present,1,file-yxCDv1Bb3X7gtfwgeKjvZBNK.dat,yes,no
file-zV17rPImOYH62WUaohdENexX.dat,asset,21780,present,1,file-zV17rPImOYH62WUaohdENexX.dat,yes,no
file_000000000168722fb0a7492ffb07856c.dat,asset,3339538,present,1,file_000000000168722fb0a7492ffb07856c.dat,yes,no
file_00000000017071fda22a2d6d9f772d1c.dat,asset,139348,present,1,file_00000000017071fda22a2d6d9f772d1c.dat,yes,no
file_0000000001a0722f9ddce758df15e564.dat,asset,24752,present,1,file_0000000001a0722f9ddce758df15e564.dat,yes,no
file_00000000021471f5b42c337a97b99e06.dat,asset,134687,present,1,file_00000000021471f5b42c337a97b99e06.dat,yes,no
file_00000000024c722faa4ad98be6cd9c65.dat,asset,53204,present,1,file_00000000024c722faa4ad98be6cd9c65.dat,yes,no
file_00000000025c722f8f8605e05b0be1cb.dat,asset,76654,present,1,file_00000000025c722f8f8605e05b0be1cb.dat,yes,no
file_000000000270722fa49ea07a43a0877a.dat,asset,700651,present,1,file_000000000270722fa49ea07a43a0877a.dat,yes,no
file_0000000002b071f7a75f2c16ba2a1c2e.dat,asset,60002,present,1,file_0000000002b071f7a75f2c16ba2a1c2e.dat,yes,no
file_00000000037861f7bf8783e31e7952ca.dat,asset,115216,present,1,file_00000000037861f7bf8783e31e7952ca.dat,yes,no
file_00000000041c71f5ba4a1f08e9136197.dat,asset,576956,present,1,file_00000000041c71f5ba4a1f08e9136197.dat,yes,no
file_00000000044861f59aa70ca747922722.dat,asset,293216,present,1,file_00000000044861f59aa70ca747922722.dat,yes,no
file_00000000046c71fd8d3196d0cc429a53.dat,asset,374746,present,1,file_00000000046c71fd8d3196d0cc429a53.dat,yes,no
file_0000000004e0720cb006be159c090099.dat,asset,472140,present,2,file_0000000004e0720cb006be159c090099(1).dat | file_0000000004e0720cb006be159c090099.dat,yes,no
file_00000000055c61f5a003b3f996aadf5c.dat,asset,202844,present,1,file_00000000055c61f5a003b3f996aadf5c.dat,yes,no
file_000000000584620898c8a4390416b2e3.dat,asset,496159,present,1,file_000000000584620898c8a4390416b2e3.dat,yes,no
file_0000000005d071fdba42f91f1d896a66.dat,asset,2162050,present,2,file_0000000005d071fdba42f91f1d896a66(1).dat | file_0000000005d071fdba42f91f1d896a66.dat,yes,no
file_0000000005d8622fa7db07353e5ee981.dat,asset,289728,present,2,file_0000000005d8622fa7db07353e5ee981(1).dat | file_0000000005d8622fa7db07353e5ee981.dat,yes,no
file_0000000005f47230b700d54bb44407eb.dat,asset,9532,present,2,file_0000000005f47230b700d54bb44407eb(1).dat | file_0000000005f47230b700d54bb44407eb.dat,yes,no
file_00000000060071fd8f5f7180b46ea829.dat,asset,231599,present,1,file_00000000060071fd8f5f7180b46ea829.dat,yes,no
file_00000000062471fda840068aa00bd9be.dat,asset,6746,present,1,file_00000000062471fda840068aa00bd9be.dat,yes,no
file_00000000067471fda729d831fee2ebd3.dat,asset,3965391,present,1,file_00000000067471fda729d831fee2ebd3.dat,yes,no
file_0000000006ac61f7b762399a11c0cd8c.dat,asset,30293,present,1,file_0000000006ac61f7b762399a11c0cd8c.dat,yes,no
file_0000000006fc71f6ad2ce578bce09f6b.dat,asset,624802,present,1,file_0000000006fc71f6ad2ce578bce09f6b.dat,yes,no
file_00000000077c720c9eda59eb3fcab5bd.dat,asset,38061,present,1,file_00000000077c720c9eda59eb3fcab5bd.dat,yes,no
file_0000000007b471f585654564f81631a8.dat,asset,161174,present,1,file_0000000007b471f585654564f81631a8.dat,yes,no
file_00000000090071f7aa118614b9a5cba2.dat,asset,93354,present,1,file_00000000090071f7aa118614b9a5cba2.dat,yes,no
file_000000000a8c71f798894e763cf91295.dat,asset,63875,present,1,file_000000000a8c71f798894e763cf91295.dat,yes,no
file_000000000ae4722f8cad7971b3a7dc30.dat,asset,799908,present,1,file_000000000ae4722f8cad7971b3a7dc30.dat,yes,no
file_000000000af071fd8d2d084df72df478.dat,asset,168238,present,1,file_000000000af071fd8d2d084df72df478.dat,yes,no
file_000000000b2c720cace9f57147163379.dat,asset,28687,present,1,file_000000000b2c720cace9f57147163379.dat,yes,no
file_000000000b5871f58a266812e2002ab5.dat,asset,156311,present,1,file_000000000b5871f58a266812e2002ab5.dat,yes,no
file_000000000b6061f7ba58fbf77dc31186.dat,asset,604229,present,1,file_000000000b6061f7ba58fbf77dc31186.dat,yes,no
file_000000000b9c722fb8b03e5c35de5196.dat,asset,347137,present,1,file_000000000b9c722fb8b03e5c35de5196.dat,yes,no
file_000000000bbc722fadcc8f5e481b674c.dat,asset,307124,present,1,file_000000000bbc722fadcc8f5e481b674c.dat,yes,no
file_000000000cac71f58ecf2bcec76c5bbc.dat,asset,3470904,present,1,file_000000000cac71f58ecf2bcec76c5bbc.dat,yes,no
file_000000000d00722f8ea19ee950c00d3e.dat,asset,572591,present,1,file_000000000d00722f8ea19ee950c00d3e.dat,yes,no
file_000000000da471fdacb23fde851d7717.dat,asset,3198871,present,1,file_000000000da471fdacb23fde851d7717.dat,yes,no
file_000000000f60720cb5753defdf9e1e9e.dat,asset,37701,present,1,file_000000000f60720cb5753defdf9e1e9e.dat,yes,no
file_000000000f6471f693ffddad852a27dd.dat,asset,624802,present,1,file_000000000f6471f693ffddad852a27dd.dat,yes,no
file_000000000fd471fdbf84588ca8df2013.dat,asset,3129383,present,1,file_000000000fd471fdbf84588ca8df2013.dat,yes,no
file_00000000112471f88a9b3cc0811f1f2b.dat,asset,1380191,present,1,file_00000000112471f88a9b3cc0811f1f2b.dat,yes,no
file_0000000013ac71fd81263d9fff192c64.dat,asset,62652,present,1,file_0000000013ac71fd81263d9fff192c64.dat,yes,no
file_00000000143c722f82c905ee8f6a4cdf.dat,asset,233360,present,1,file_00000000143c722f82c905ee8f6a4cdf.dat,yes,no
file_00000000148871fd9d4110c8cf0895bc.dat,asset,537214,present,1,file_00000000148871fd9d4110c8cf0895bc.dat,yes,no
file_0000000014fc720ca351264883e85824.dat,asset,252315,present,1,file_0000000014fc720ca351264883e85824.dat,yes,no
file_00000000154471f5af83db2bab0c1710.dat,asset,57640,present,1,file_00000000154471f5af83db2bab0c1710.dat,yes,no
file_0000000015c071fda3cba9a21206e8cc.dat,asset,158326,present,1,file_0000000015c071fda3cba9a21206e8cc.dat,yes,no
file_00000000161c61f5a1ef1ddd83921e1f.dat,asset,674140,present,1,file_00000000161c61f5a1ef1ddd83921e1f.dat,yes,no
file_00000000168c722fabb82d2359365296.dat,asset,67003,present,1,file_00000000168c722fabb82d2359365296.dat,yes,no
file_0000000016ac61fab1bf6b7986622430.dat,asset,3613463,present,1,file_0000000016ac61fab1bf6b7986622430.dat,yes,no
file_0000000016e471fdbb0570ee49137bcb.dat,asset,19497,present,1,file_0000000016e471fdbb0570ee49137bcb.dat,yes,no
file_00000000173471fd91a5e6d1c8f991c1.dat,asset,3376790,present,1,file_00000000173471fd91a5e6d1c8f991c1.dat,yes,no
file_000000001754722f8390c1a93931d588.dat,asset,137838,present,1,file_000000001754722f8390c1a93931d588.dat,yes,no
file_00000000177071f589291215b0ced264.dat,asset,1337445,present,1,file_00000000177071f589291215b0ced264.dat,yes,no
file_000000001770722fa48108a4260ef801.dat,asset,76906,present,1,file_000000001770722fa48108a4260ef801.dat,yes,no
file_0000000017b8722fa02b058c54e4db02.dat,asset,8454,present,1,file_0000000017b8722fa02b058c54e4db02.dat,yes,no
file_00000000182471fd9824d4f4d089c3c1.dat,asset,2782664,present,1,file_00000000182471fd9824d4f4d089c3c1.dat,yes,no
file_000000001874722f898fd6af96cad1b2.dat,asset,521402,present,1,file_000000001874722f898fd6af96cad1b2.dat,yes,no
file_00000000199c71f88d2093f500249ed7.dat,asset,163608,present,1,file_00000000199c71f88d2093f500249ed7.dat,yes,no
file_0000000019e461f5b622d302082c6c5c.dat,asset,604229,present,1,file_0000000019e461f5b622d302082c6c5c.dat,yes,no
file_000000001bac722fbacd879562fd4a91.dat,asset,3859325,present,1,file_000000001bac722fbacd879562fd4a91.dat,yes,no
file_000000001bbc71f59c147131ed4b6885.dat,asset,318996,present,1,file_000000001bbc71f59c147131ed4b6885.dat,yes,no
file_000000001c4871fdb453faf723745d15.dat,asset,256648,present,1,file_000000001c4871fdb453faf723745d15.dat,yes,no
file_000000001c5471fd83c3dc16b21a55a5.dat,asset,2128291,present,1,file_000000001c5471fd83c3dc16b21a55a5.dat,yes,no
file_000000001c9071f5b53531a186bc5602.dat,asset,1130617,present,1,file_000000001c9071f5b53531a186bc5602.dat,yes,no
file_000000001d1c720cb8a8e9650e9f4c2a.dat,asset,3714845,present,1,file_000000001d1c720cb8a8e9650e9f4c2a.dat,yes,no
file_000000001d28722fbafd5b5022dfae18.dat,asset,186594,present,1,file_000000001d28722fbafd5b5022dfae18.dat,yes,no
file_000000001dcc71fdb418993771cc7b0d.dat,asset,309515,present,1,file_000000001dcc71fdb418993771cc7b0d.dat,yes,no
file_000000001eac71fdaa19e58cc051d71c.dat,asset,260039,present,1,file_000000001eac71fdaa19e58cc051d71c.dat,yes,no
file_000000001ed0722fa081a9af55c296ac.dat,asset,246342,present,1,file_000000001ed0722fa081a9af55c296ac.dat,yes,no
file_000000001fa071f587cc62fe54c92e22.dat,asset,472244,present,1,file_000000001fa071f587cc62fe54c92e22.dat,yes,no
file_000000001fd8622f82eb0e8e962baded.dat,asset,1093716,present,1,file_000000001fd8622f82eb0e8e962baded.dat,yes,no
file_00000000201471f594627783ebda4492.dat,asset,41653,present,1,file_00000000201471f594627783ebda4492.dat,yes,no
file_00000000206071fd9d8de66f1eaad778.dat,asset,51500,present,1,file_00000000206071fd9d8de66f1eaad778.dat,yes,no
file_000000002108722f887683cc32585678.dat,asset,318327,present,1,file_000000002108722f887683cc32585678.dat,yes,no
file_0000000021ac71fdad271e0b31af013e.dat,asset,34972,present,1,file_0000000021ac71fdad271e0b31af013e.dat,yes,no
file_0000000021e471fd8425b86bfc73b0b4.dat,asset,3680436,present,1,file_0000000021e471fd8425b86bfc73b0b4.dat,yes,no
file_0000000021f471fd828225fac798be46.dat,asset,3904544,present,1,file_0000000021f471fd828225fac798be46.dat,yes,no
file_00000000228871f584fe4716763f1589.dat,asset,4181479,present,1,file_00000000228871f584fe4716763f1589.dat,yes,no
file_00000000234471fd8a2cfa806bf5d9c8.dat,asset,429336,present,1,file_00000000234471fd8a2cfa806bf5d9c8.dat,yes,no
file_0000000024a4722f9b117281e5c55fe8.dat,asset,198595,present,1,file_0000000024a4722f9b117281e5c55fe8.dat,yes,no
file_000000002530722fadfbd6dc0982c559.dat,asset,254015,present,1,file_000000002530722fadfbd6dc0982c559.dat,yes,no
file_0000000025f861f590a70a1d7545c6d3.dat,asset,1093716,present,1,file_0000000025f861f590a70a1d7545c6d3.dat,yes,no
file_00000000261471f59b02f0c89a8d05f8.dat,asset,128600,present,1,file_00000000261471f59b02f0c89a8d05f8.dat,yes,no
file_0000000027d861f7afb3ccd3a1b1df6f.dat,asset,1181279,present,1,file_0000000027d861f7afb3ccd3a1b1df6f.dat,yes,no
file_0000000027e061f6b15eead0e0ef670b.dat,asset,225140,present,1,file_0000000027e061f6b15eead0e0ef670b.dat,yes,no
file_0000000028f4720cb0e9ef741a5eadcb.dat,asset,230769,present,1,file_0000000028f4720cb0e9ef741a5eadcb.dat,yes,no
file_00000000290c722fb7661e5a758b7bd1.dat,asset,39593,present,1,file_00000000290c722fb7661e5a758b7bd1.dat,yes,no
file_000000002a98723087a169b72a3bf9c2.dat,asset,542543,present,1,file_000000002a98723087a169b72a3bf9c2.dat,yes,no
file_000000002b1861f7973b49f1655d8c4e.dat,asset,273938,present,1,file_000000002b1861f7973b49f1655d8c4e.dat,yes,no
file_000000002ca4722fa776f67268fb7ddf.dat,asset,3585,present,1,file_000000002ca4722fa776f67268fb7ddf(1).dat,yes,no
file_000000002d9871fd90859828c891935c.dat,asset,81183,present,1,file_000000002d9871fd90859828c891935c(1).dat,yes,no
file_000000002dc871f7a9a6957a3b1193d8.dat,asset,58526,present,1,file_000000002dc871f7a9a6957a3b1193d8.dat,yes,no
file_000000002df071fdaf9ed982578fc4ce.dat,asset,3024353,present,1,file_000000002df071fdaf9ed982578fc4ce.dat,yes,no
file_000000002ea8722fbcfc264720d02d9c.dat,asset,234599,present,1,file_000000002ea8722fbcfc264720d02d9c.dat,yes,no
file_000000002ee871f899614bedc0b47d9f.dat,asset,552906,present,1,file_000000002ee871f899614bedc0b47d9f.dat,yes,no
file_000000002f1c71f598df454351bd20e8.dat,asset,703278,present,1,file_000000002f1c71f598df454351bd20e8.dat,yes,no
file_00000000317471f58961ebb2853fda47.dat,asset,324294,present,1,file_00000000317471f58961ebb2853fda47.dat,yes,no
file_00000000321871f5900459a6fca9b6fd.dat,asset,533285,present,1,file_00000000321871f5900459a6fca9b6fd.dat,yes,no
file_000000003238722f84b10696192ee1a9.dat,asset,25518,present,1,file_000000003238722f84b10696192ee1a9.dat,yes,no
file_00000000329c7230b1e10a223bd7ef9b.dat,asset,31722,present,1,file_00000000329c7230b1e10a223bd7ef9b.dat,yes,no
file_0000000033ec71fda2282e6cc58dcf56.dat,asset,456628,present,1,file_0000000033ec71fda2282e6cc58dcf56.dat,yes,no
file_0000000034a861f6b4d0d99ac7d0a105.dat,asset,640966,present,1,file_0000000034a861f6b4d0d99ac7d0a105.dat,yes,no
file_0000000035d4722fad8945010ea75a73.dat,asset,310704,present,1,file_0000000035d4722fad8945010ea75a73.dat,yes,no
file_000000003680722fa258232dc1b00f83.dat,asset,381917,present,1,file_000000003680722fa258232dc1b00f83.dat,yes,no
file_0000000036c871fdba2cbe81915cb3d9.dat,asset,82001,present,1,file_0000000036c871fdba2cbe81915cb3d9.dat,yes,no
file_00000000373871fd8d1c88b94891c602.dat,asset,299348,present,1,file_00000000373871fd8d1c88b94891c602.dat,yes,no
file_00000000381c71f784e94bc248e393f2.dat,asset,240094,present,1,file_00000000381c71f784e94bc248e393f2.dat,yes,no
file_00000000386c71f5a4f0fd9eff8367f5.dat,asset,41829,present,1,file_00000000386c71f5a4f0fd9eff8367f5.dat,yes,no
file_00000000388c71fd8ac3891d51d8e7e8.dat,asset,114720,present,1,file_00000000388c71fd8ac3891d51d8e7e8.dat,yes,no
file_000000003a0c722f944b6fbf11ad75ce.dat,asset,436382,present,1,file_000000003a0c722f944b6fbf11ad75ce.dat,yes,no
file_000000003a3861f7ac453197969abc67.dat,asset,224909,present,1,file_000000003a3861f7ac453197969abc67.dat,yes,no
file_000000003aa871fd8158232ab9171bd5.dat,asset,166069,present,1,file_000000003aa871fd8158232ab9171bd5.dat,yes,no
file_000000003c4871f7802f8bf68fdab4a8.dat,asset,289007,present,1,file_000000003c4871f7802f8bf68fdab4a8.dat,yes,no
file_000000003d78722fbf88cb32ab2a34ab.dat,asset,80989160,present,1,file_000000003d78722fbf88cb32ab2a34ab(1).dat,yes,no
file_000000003d80722fbdfbd4fce4f2d108.dat,asset,108748,present,1,file_000000003d80722fbdfbd4fce4f2d108(1).dat,yes,no
file_000000003ddc71fd8e388950d72b4cd2.dat,asset,14142,present,1,file_000000003ddc71fd8e388950d72b4cd2(1).dat,yes,no
file_000000003de871f88c4c13bc17595b4b.dat,asset,245078,present,1,file_000000003de871f88c4c13bc17595b4b(1).dat,yes,no
file_000000003f80722f893e5ecf7d7163ff.dat,asset,2805726,present,1,file_000000003f80722f893e5ecf7d7163ff(1).dat,yes,no
file_000000003ff071f58233aeedba4c2f83.dat,asset,7363,present,2,file_000000003ff071f58233aeedba4c2f83(1).dat | file_000000003ff071f58233aeedba4c2f83(2).dat,yes,no
file_000000003ff462309091c1befcf12416.dat,asset,255476,present,2,file_000000003ff462309091c1befcf12416(1).dat | file_000000003ff462309091c1befcf12416(2).dat,yes,no
file_000000004014722fad3d8d4e5ab51148.dat,asset,785232,present,1,file_000000004014722fad3d8d4e5ab51148.dat,yes,no
file_000000004018722f92842e50b8f756e5.dat,asset,857920,present,1,file_000000004018722f92842e50b8f756e5.dat,yes,no
file_000000004038722fbc1e69ffc2e76e5f.dat,asset,13490484,present,1,file_000000004038722fbc1e69ffc2e76e5f.dat,yes,no
file_0000000040a871f59caa32ad6000ed30.dat,asset,479085,present,1,file_0000000040a871f59caa32ad6000ed30.dat,yes,no
file_000000004254722f9cfdd78c608543ae.dat,asset,393678,present,1,file_000000004254722f9cfdd78c608543ae.dat,yes,no
file_00000000425c722fba20222c0f8a3140.dat,asset,560480,present,1,file_00000000425c722fba20222c0f8a3140.dat,yes,no
file_00000000427071fdb23841362c10c9e6.dat,asset,183850,present,1,file_00000000427071fdb23841362c10c9e6.dat,yes,no
file_0000000043bc71f8b38617738cc40da4.dat,asset,312308,present,1,file_0000000043bc71f8b38617738cc40da4.dat,yes,no
file_00000000449471f8861c31cb4898cdae.dat,asset,339574,present,1,file_00000000449471f8861c31cb4898cdae.dat,yes,no
file_0000000045b471fdb9506791d6b7f786.dat,asset,92399,present,1,file_0000000045b471fdb9506791d6b7f786.dat,yes,no
file_000000004620720cac8041e84e4c047f.dat,asset,632000,present,1,file_000000004620720cac8041e84e4c047f.dat,yes,no
file_00000000462c71f8a451f4573ba85f4f.dat,asset,617913,present,1,file_00000000462c71f8a451f4573ba85f4f.dat,yes,no
file_0000000046ac71f88b30349959068a09.dat,asset,133976,present,1,file_0000000046ac71f88b30349959068a09.dat,yes,no
file_000000004818720c8d879d5aec6eb81e.dat,asset,31892,present,1,file_000000004818720c8d879d5aec6eb81e.dat,yes,no
file_00000000484c722fbcb72a68ec205f47.dat,asset,329326,present,1,file_00000000484c722fbcb72a68ec205f47.dat,yes,no
file_0000000048c471f5aa04e5592daf6178.dat,asset,56201,present,1,file_0000000048c471f5aa04e5592daf6178.dat,yes,no
file_00000000491871f7b74dcaf68d1a0af7.dat,asset,478941,present,1,file_00000000491871f7b74dcaf68d1a0af7.dat,yes,no
file_000000004944722f959f9c8bc34b892b.dat,asset,319777,present,1,file_000000004944722f959f9c8bc34b892b.dat,yes,no
file_000000004988720c849496bdeb4af421.dat,asset,7023,present,1,file_000000004988720c849496bdeb4af421.dat,yes,no
file_000000004b70722fb130c426040915d3.dat,asset,3970652,present,2,file_000000004b70722fb130c426040915d3(1).dat | file_000000004b70722fb130c426040915d3.dat,yes,no
file_000000004ba071fda583aad757c1d55b.dat,asset,161240,present,2,file_000000004ba071fda583aad757c1d55b(1).dat | file_000000004ba071fda583aad757c1d55b.dat,yes,no
file_000000004ba471f7b2e28cda89ec8dd3.dat,asset,58537,present,2,file_000000004ba471f7b2e28cda89ec8dd3(1).dat | file_000000004ba471f7b2e28cda89ec8dd3.dat,yes,no
file_000000004c4c71fdb8836d3eb49ff833.dat,asset,5439,present,2,file_000000004c4c71fdb8836d3eb49ff833(1).dat | file_000000004c4c71fdb8836d3eb49ff833.dat,yes,no
file_000000004c887230b5e71bcc6977bc5d.dat,asset,652457,present,2,file_000000004c887230b5e71bcc6977bc5d(1).dat | file_000000004c887230b5e71bcc6977bc5d.dat,yes,no
file_000000004cb871f59dfa9765e1e3533b.dat,asset,526970,present,2,file_000000004cb871f59dfa9765e1e3533b(1).dat | file_000000004cb871f59dfa9765e1e3533b.dat,yes,no
file_000000004cd0722fb17feb6de0df5b28.dat,asset,58670,present,2,file_000000004cd0722fb17feb6de0df5b28(1).dat | file_000000004cd0722fb17feb6de0df5b28.dat,yes,no
file_000000004d8471fd85cd303022e805ed.dat,asset,59668,present,2,file_000000004d8471fd85cd303022e805ed(1).dat | file_000000004d8471fd85cd303022e805ed.dat,yes,no
file_000000004ed071fdbc67c7d80f50b3ac.dat,asset,3649432,present,2,file_000000004ed071fdbc67c7d80f50b3ac(1).dat | file_000000004ed071fdbc67c7d80f50b3ac.dat,yes,no
file_0000000051cc722fa692661368e18a4b.dat,asset,799908,present,1,file_0000000051cc722fa692661368e18a4b.dat,yes,no
file_0000000052b471f7827ec44ee6048e46.dat,asset,156078,present,1,file_0000000052b471f7827ec44ee6048e46.dat,yes,no
file_000000005310722faf968a6e5400181c.dat,asset,857920,present,1,file_000000005310722faf968a6e5400181c.dat,yes,no
file_00000000531871f5b2bc5eb20364d71f.dat,asset,161174,present,1,file_00000000531871f5b2bc5eb20364d71f.dat,yes,no
file_0000000053b871f5b8851e586a1823b1.dat,asset,534139,present,1,file_0000000053b871f5b8851e586a1823b1.dat,yes,no
file_0000000053e4720ca62f09c1f98857f5.dat,asset,8454,present,1,file_0000000053e4720ca62f09c1f98857f5.dat,yes,no
file_0000000054f8722f888201fdefc690db.dat,asset,963245,present,1,file_0000000054f8722f888201fdefc690db.dat,yes,no
file_00000000559c71fdbc3f7512d5369246.dat,asset,77531,present,1,file_00000000559c71fdbc3f7512d5369246.dat,yes,no
file_00000000560c71f5baaf5a642a22b70f.dat,asset,11034,present,1,file_00000000560c71f5baaf5a642a22b70f.dat,yes,no
file_0000000056bc722fb32a90fa040d9b72.dat,asset,155695,present,1,file_0000000056bc722fb32a90fa040d9b72.dat,yes,no
file_00000000572871f5b3d9fae56a2f6d4d.dat,asset,102796,present,1,file_00000000572871f5b3d9fae56a2f6d4d.dat,yes,no
file_0000000057cc722fb119ecfa1851abeb.dat,asset,446478,present,1,file_0000000057cc722fb119ecfa1851abeb.dat,yes,no
file_00000000581871fd86ff0517013abf12.dat,asset,171296,present,1,file_00000000581871fd86ff0517013abf12.dat,yes,no
file_00000000581871fd9bf210ac0d005dc0.dat,asset,475150,present,1,file_00000000581871fd9bf210ac0d005dc0.dat,yes,no
file_00000000584471f88901a6afdb831a48.dat,asset,45710,present,1,file_00000000584471f88901a6afdb831a48.dat,yes,no
file_00000000587471f5b27e3bb0d62a3d9d.dat,asset,658939,present,1,file_00000000587471f5b27e3bb0d62a3d9d.dat,yes,no
file_00000000589071f58badd19ac19b972a.dat,asset,578781,present,1,file_00000000589071f58badd19ac19b972a.dat,yes,no
file_00000000589471f59bebd23c8a7d3a96.dat,asset,416164,present,1,file_00000000589471f59bebd23c8a7d3a96.dat,yes,no
file_0000000058cc722f83dfe697fcfb2cf2.dat,asset,396555,present,1,file_0000000058cc722f83dfe697fcfb2cf2.dat,yes,no
file_00000000597471f7beb3a21756dafe97.dat,asset,240094,present,1,file_00000000597471f7beb3a21756dafe97.dat,yes,no
file_0000000059cc71fdae42db4666c9b43d.dat,asset,161759,present,1,file_0000000059cc71fdae42db4666c9b43d.dat,yes,no
file_000000005a78722fb1a8068768af3961.dat,asset,31228,present,2,file_000000005a78722fb1a8068768af3961(1).dat | file_000000005a78722fb1a8068768af3961.dat,yes,no
file_000000005a8871fd8362c7c2c93d8f07.dat,asset,40250,present,2,file_000000005a8871fd8362c7c2c93d8f07(1).dat | file_000000005a8871fd8362c7c2c93d8f07.dat,yes,no
file_000000005ad871f5b2ddf3deb9c39c56.dat,asset,71999,present,2,file_000000005ad871f5b2ddf3deb9c39c56(1).dat | file_000000005ad871f5b2ddf3deb9c39c56.dat,yes,no
file_000000005b2871fd98af3bf74f56bfa4.dat,asset,35081,present,2,file_000000005b2871fd98af3bf74f56bfa4(1).dat | file_000000005b2871fd98af3bf74f56bfa4.dat,yes,no
file_000000005b4071f59ba607a9a56b8ac7.dat,asset,652551,present,1,file_000000005b4071f59ba607a9a56b8ac7.dat,yes,no
file_000000005b4871f79a2ef46758e15c3b.dat,asset,4152294,present,1,file_000000005b4871f79a2ef46758e15c3b.dat,yes,no
file_000000005bb071fda1b063a1f2afd2a5.dat,asset,3824818,present,1,file_000000005bb071fda1b063a1f2afd2a5.dat,yes,no
file_000000005c58722f9dd0ff6d79bcd974.dat,asset,197597,present,1,file_000000005c58722f9dd0ff6d79bcd974.dat,yes,no
file_000000005da871f5aa0f2fc73be3275e.dat,asset,310158,present,1,file_000000005da871f5aa0f2fc73be3275e.dat,yes,no
file_000000005f8c71f5a9d1d745545aefc3.dat,asset,280806,present,1,file_000000005f8c71f5a9d1d745545aefc3.dat,yes,no
file_000000005fd4722fa8aaead22074f26d.dat,asset,60660,present,1,file_000000005fd4722fa8aaead22074f26d.dat,yes,no
file_000000005fec71fdac1e61bbc8ffa11a.dat,asset,186259,present,1,file_000000005fec71fdac1e61bbc8ffa11a.dat,yes,no
file_000000006018722fa996d2519eae7442.dat,asset,2833073,present,1,file_000000006018722fa996d2519eae7442.dat,yes,no
file_00000000606072309f9dfb20cc19a883.dat,asset,297244,present,1,file_00000000606072309f9dfb20cc19a883.dat,yes,no
file_0000000060e071fd8253ff353cbe2a40.dat,asset,32533,present,1,file_0000000060e071fd8253ff353cbe2a40.dat,yes,no
file_00000000614071fd86a36c9dd8c7c162.dat,asset,1140244,present,1,file_00000000614071fd86a36c9dd8c7c162.dat,yes,no
file_00000000625071f797e3b3fe2478e26b.dat,asset,114720,present,1,file_00000000625071f797e3b3fe2478e26b.dat,yes,no
file_00000000629871fdb369514bbc7bf474.dat,asset,242289,present,1,file_00000000629871fdb369514bbc7bf474.dat,yes,no
file_0000000062c471fd844c59e64cd6e02d.dat,asset,18215,present,1,file_0000000062c471fd844c59e64cd6e02d.dat,yes,no
file_0000000062cc61f7a9bbe42c0e11b49e.dat,asset,295840,present,1,file_0000000062cc61f7a9bbe42c0e11b49e.dat,yes,no
file_00000000637471f5a2f5e795649e623e.dat,asset,1857986,present,1,file_00000000637471f5a2f5e795649e623e.dat,yes,no
file_00000000637871f58936de2880a60404.dat,asset,43758,present,1,file_00000000637871f58936de2880a60404.dat,yes,no
file_000000006558722fb37124e9fc10ccca.dat,asset,3824928,present,1,file_000000006558722fb37124e9fc10ccca.dat,yes,no
file_0000000065bc71f590cde4f1bb5b2cff.dat,asset,9937761,present,1,file_0000000065bc71f590cde4f1bb5b2cff.dat,yes,no
file_0000000065d8722f8f334adc00df5286.dat,asset,418442,present,1,file_0000000065d8722f8f334adc00df5286.dat,yes,no
file_000000006770722fb626cda5552ba696.dat,asset,100797,present,1,file_000000006770722fb626cda5552ba696.dat,yes,no
file_00000000680871fd80e970a597d5d2b1.dat,asset,404921,present,1,file_00000000680871fd80e970a597d5d2b1.dat,yes,no
file_00000000689471fd99f2bfd7f7135bed.dat,asset,77362,present,1,file_00000000689471fd99f2bfd7f7135bed.dat,yes,no
file_00000000693c71fdb5d3dd34365247fc.dat,asset,604158,present,1,file_00000000693c71fdb5d3dd34365247fc.dat,yes,no
file_0000000069cc71f5ba12cc221009ee6d.dat,asset,607212,present,1,file_0000000069cc71f5ba12cc221009ee6d.dat,yes,no
file_000000006a3071fdac06d6e2e728b412.dat,asset,547774,present,1,file_000000006a3071fdac06d6e2e728b412.dat,yes,no
file_000000006a8c71fd825c9a6f0fabf062.dat,asset,22028,present,1,file_000000006a8c71fd825c9a6f0fabf062.dat,yes,no
file_000000006ad8722f9560bb8225bf7215.dat,asset,24751,present,1,file_000000006ad8722f9560bb8225bf7215.dat,yes,no
file_000000006b3071f592d2156e8579497c.dat,asset,687536,present,1,file_000000006b3071f592d2156e8579497c.dat,yes,no
file_000000006bf471fd8e6e84245b271650.dat,asset,2968525,present,1,file_000000006bf471fd8e6e84245b271650.dat,yes,no
file_000000006c0871fdb4307d35ada8cb96.dat,asset,1153086,present,1,file_000000006c0871fdb4307d35ada8cb96.dat,yes,no
file_000000006cc461fbbcea9039aafb6f8b.dat,asset,301276,present,1,file_000000006cc461fbbcea9039aafb6f8b.dat,yes,no
file_000000006e3071fd99aae4310e64dc80.dat,asset,3825548,present,1,file_000000006e3071fd99aae4310e64dc80.dat,yes,no
file_000000006ecc720c8ed6d2ca5344f06a.dat,asset,342,present,1,file_000000006ecc720c8ed6d2ca5344f06a.dat,yes,no
file_000000006f4071fda3e617cd3d550f25.dat,asset,90869,present,1,file_000000006f4071fda3e617cd3d550f25.dat,yes,no
file_00000000709c720c8700d645f569d202.dat,asset,35341,present,1,file_00000000709c720c8700d645f569d202.dat,yes,no
file_0000000070a8722fb7902280b79c3ee6.dat,asset,53735,present,1,file_0000000070a8722fb7902280b79c3ee6.dat,yes,no
file_0000000070f0722f9d75b3149e48d518.dat,asset,8273,present,1,file_0000000070f0722f9d75b3149e48d518.dat,yes,no
file_000000007110720ca8e456f9b8688e37.dat,asset,3905084,present,1,file_000000007110720ca8e456f9b8688e37.dat,yes,no
file_00000000721c722f918a52f32fc26352.dat,asset,3592599,present,1,file_00000000721c722f918a52f32fc26352.dat,yes,no
file_0000000072c871f7a31c72d255dcd733.dat,asset,192081,present,1,file_0000000072c871f7a31c72d255dcd733.dat,yes,no
file_00000000734071fd9cc834350ec88ccf.dat,asset,102196,present,1,file_00000000734071fd9cc834350ec88ccf.dat,yes,no
file_0000000073a071fdbd35a19d9449ee09.dat,asset,66026,present,1,file_0000000073a071fdbd35a19d9449ee09.dat,yes,no
file_000000007410722fa315a6431e793ed9.dat,asset,48078,present,1,file_000000007410722fa315a6431e793ed9.dat,yes,no
file_000000007410722fae2aa9bebd20fe76.dat,asset,1279008,present,1,file_000000007410722fae2aa9bebd20fe76.dat,yes,no
file_0000000074d071f593a38dbc85c773d9.dat,asset,887913,present,1,file_0000000074d071f593a38dbc85c773d9.dat,yes,no
file_00000000751c72308268ead5b22589a6.dat,asset,293797,present,1,file_00000000751c72308268ead5b22589a6.dat,yes,no
file_00000000758c71f59a9f198af3b22280.dat,asset,499462,present,1,file_00000000758c71f59a9f198af3b22280.dat,yes,no
file_0000000075fc722fb51587ab17195573.dat,asset,270719,present,1,file_0000000075fc722fb51587ab17195573.dat,yes,no
file_00000000760c71fdbc2dfafdffff3829.dat,asset,50810,present,1,file_00000000760c71fdbc2dfafdffff3829.dat,yes,no
file_00000000768c71fd9771228aeb0850ae.dat,asset,239863,present,1,file_00000000768c71fd9771228aeb0850ae.dat,yes,no
file_000000007744722f8f7361be73724cfa.dat,asset,3547315,present,1,file_000000007744722f8f7361be73724cfa.dat,yes,no
file_00000000778061f7b2ed76c736bd55b9.dat,asset,1093716,present,1,file_00000000778061f7b2ed76c736bd55b9.dat,yes,no
file_0000000078ec720cac8cf204cc2c5026.dat,asset,350707,present,1,file_0000000078ec720cac8cf204cc2c5026.dat,yes,no
file_000000007990722fbd0da7c9c5597543.dat,asset,64913,present,1,file_000000007990722fbd0da7c9c5597543.dat,yes,no
file_00000000799c71f7862ae8631c93ac1b.dat,asset,44098,present,1,file_00000000799c71f7862ae8631c93ac1b.dat,yes,no
file_000000007ae871fda28eeb593cb22163.dat,asset,810127,present,1,file_000000007ae871fda28eeb593cb22163.dat,yes,no
file_000000007b08722fb6939ce7a1e73c7a.dat,asset,25550,present,1,file_000000007b08722fb6939ce7a1e73c7a.dat,yes,no
file_000000007b18722fbca6d9ef336d4df5.dat,asset,131886,present,1,file_000000007b18722fbca6d9ef336d4df5.dat,yes,no
file_000000007be871fdb042ce8dd3b5657f.dat,asset,3354847,present,1,file_000000007be871fdb042ce8dd3b5657f.dat,yes,no
file_000000007d247230a7bac678947d9e13.dat,asset,40964,present,1,file_000000007d247230a7bac678947d9e13.dat,yes,no
file_000000007de061f7a326dcb1874df018.dat,asset,342731,present,1,file_000000007de061f7a326dcb1874df018.dat,yes,no
file_000000007e00720cb8f1d025f578d248.dat,asset,484607,present,1,file_000000007e00720cb8f1d025f578d248.dat,yes,no
file_000000007e6471f5b98e40ea7df78711.dat,asset,768441,present,1,file_000000007e6471f5b98e40ea7df78711.dat,yes,no
file_000000007f90722fb25b8d3118ce84e3.dat,asset,1113876,present,1,file_000000007f90722fb25b8d3118ce84e3.dat,yes,no
file_00000000803071f8bed1753b26e5b093.dat,asset,144705,present,1,file_00000000803071f8bed1753b26e5b093.dat,yes,no
file_00000000811461f58f3c85e27a285af6.dat,asset,735909,present,1,file_00000000811461f58f3c85e27a285af6.dat,yes,no
file_00000000819071fdbe97b5950904505c.dat,asset,3421798,present,1,file_00000000819071fdbe97b5950904505c.dat,yes,no
file_00000000826461f790892a5764b4f69c.dat,asset,383458,present,1,file_00000000826461f790892a5764b4f69c.dat,yes,no
file_00000000827c722fb66545072c681f41.dat,asset,868371,present,1,file_00000000827c722fb66545072c681f41.dat,yes,no
file_00000000835871f5ae8e5b3aaa76873c.dat,asset,34782,present,1,file_00000000835871f5ae8e5b3aaa76873c.dat,yes,no
file_0000000084d471f8917b74e34e41b2fb.dat,asset,303643,present,1,file_0000000084d471f8917b74e34e41b2fb.dat,yes,no
file_0000000085ec71fdb9b45711a823dc3b.dat,asset,317934,present,1,file_0000000085ec71fdb9b45711a823dc3b.dat,yes,no
file_0000000085f471fda524a7dba1f02445.dat,asset,3184040,present,1,file_0000000085f471fda524a7dba1f02445.dat,yes,no
file_000000008604720c9e74cca296941988.dat,asset,39976,present,1,file_000000008604720c9e74cca296941988.dat,yes,no
file_00000000871871f59b53d771cce63f1d.dat,asset,691027,present,1,file_00000000871871f59b53d771cce63f1d.dat,yes,no
file_00000000882c71fdaee432f9da89ca26.dat,asset,209661,present,1,file_00000000882c71fdaee432f9da89ca26.dat,yes,no
file_00000000883071f58a705e375dbd3499.dat,asset,355476,present,1,file_00000000883071f58a705e375dbd3499.dat,yes,no
file_00000000884471f5b3beda2c3a3d8fdd.dat,asset,148375,present,1,file_00000000884471f5b3beda2c3a3d8fdd.dat,yes,no
file_0000000089bc722f84cff0234e38e149.dat,asset,3457565,present,1,file_0000000089bc722f84cff0234e38e149.dat,yes,no
file_000000008b3c720cbe7d266b5a312e2e.dat,asset,446690,present,1,file_000000008b3c720cbe7d266b5a312e2e.dat,yes,no
file_000000008b507230b207e8b6555f3b49.dat,asset,175126,present,1,file_000000008b507230b207e8b6555f3b49.dat,yes,no
file_000000008ba8722f9806d5c9b388bc05.dat,asset,2068878,present,1,file_000000008ba8722f9806d5c9b388bc05.dat,yes,no
file_000000008ce471fdbd37bf4962177ebc.dat,asset,452543,present,1,file_000000008ce471fdbd37bf4962177ebc.dat,yes,no
file_000000008d3c71fd883301b5204c98b7.dat,asset,3874626,present,1,file_000000008d3c71fd883301b5204c98b7.dat,yes,no
file_000000008d9061f7ada2e101d52381f8.dat,asset,604229,present,1,file_000000008d9061f7ada2e101d52381f8.dat,yes,no
file_000000008e0871f8a72298eb59321fa0.dat,asset,18800,present,1,file_000000008e0871f8a72298eb59321fa0.dat,yes,no
file_000000008e5471f5992ad9411314f4fd.dat,asset,3210887,present,1,file_000000008e5471f5992ad9411314f4fd.dat,yes,no
file_000000008ed071fd877df29d642957ec.dat,asset,127970,present,1,file_000000008ed071fd877df29d642957ec.dat,yes,no
file_000000008ed0722f928f9f476ceb62a4.dat,asset,8012,present,1,file_000000008ed0722f928f9f476ceb62a4.dat,yes,no
file_000000008ee871fdb539c7c73d07e9b0.dat,asset,3367082,present,1,file_000000008ee871fdb539c7c73d07e9b0.dat,yes,no
file_000000008f5c71f59f77efed8d303df9.dat,asset,3342965,present,1,file_000000008f5c71f59f77efed8d303df9.dat,yes,no
file_000000008fbc722fbd04af5193d18794.dat,asset,497808,present,1,file_000000008fbc722fbd04af5193d18794.dat,yes,no
file_000000008ffc71f894fff32768060ee3.dat,asset,13427,present,1,file_000000008ffc71f894fff32768060ee3.dat,yes,no
file_00000000923471fd955297357ee65489.dat,asset,116014,present,1,file_00000000923471fd955297357ee65489.dat,yes,no
file_0000000093ec71f5b818e0682a0c1777.dat,asset,151398,present,1,file_0000000093ec71f5b818e0682a0c1777.dat,yes,no
file_00000000943c722f916963d301688705.dat,asset,440481,present,1,file_00000000943c722f916963d301688705.dat,yes,no
file_000000009444722f8700fb9fb9a19029.dat,asset,42198,present,1,file_000000009444722f8700fb9fb9a19029.dat,yes,no
file_0000000094e071f5b9d05b9a7945d3d3.dat,asset,20392,present,1,file_0000000094e071f5b9d05b9a7945d3d3.dat,yes,no
file_00000000952c722f9e01f3f600146ad3.dat,asset,12492,present,1,file_00000000952c722f9e01f3f600146ad3.dat,yes,no
file_00000000957071fda7629fd8506ca78c.dat,asset,508987,present,1,file_00000000957071fda7629fd8506ca78c.dat,yes,no
file_00000000957471f5bbca84635a792d05.dat,asset,3982762,present,1,file_00000000957471f5bbca84635a792d05.dat,yes,no
file_000000009598622fa01601fda4bef924.dat,asset,362366,present,1,file_000000009598622fa01601fda4bef924.dat,yes,no
file_00000000962c71fd9f1bc5cf175ea7e0.dat,asset,811285,present,1,file_00000000962c71fd9f1bc5cf175ea7e0.dat,yes,no
file_00000000967071fb9066c032e0d5f7d5.dat,asset,75095,present,1,file_00000000967071fb9066c032e0d5f7d5.dat,yes,no
file_00000000975071f5b3b68a8537f77bdd.dat,asset,941951,present,1,file_00000000975071f5b3b68a8537f77bdd.dat,yes,no
file_0000000097c871fd947181d329ff364c.dat,asset,31714,present,1,file_0000000097c871fd947181d329ff364c.dat,yes,no
file_000000009844722fa047ae4b0dab8ad8.dat,asset,85840,present,1,file_000000009844722fa047ae4b0dab8ad8.dat,yes,no
file_000000009848722f954db896e0b74cf8.dat,asset,645386,present,1,file_000000009848722f954db896e0b74cf8.dat,yes,no
file_00000000991c71f58946f7db2cd0345d.dat,asset,4063100,present,1,file_00000000991c71f58946f7db2cd0345d.dat,yes,no
file_0000000099b471f5be86485d7a53265f.dat,asset,79616,present,1,file_0000000099b471f5be86485d7a53265f.dat,yes,no
file_0000000099d071f59f252966e87a8e0a.dat,asset,425358,present,1,file_0000000099d071f59f252966e87a8e0a.dat,yes,no
file_000000009c9c71fdbad7cc295892066e.dat,asset,552225,present,1,file_000000009c9c71fdbad7cc295892066e.dat,yes,no
file_000000009d6871f5acad2f004e4be282.dat,asset,1274478,present,1,file_000000009d6871f5acad2f004e4be282.dat,yes,no
file_000000009de461f785c6af9637a15b74.dat,asset,271472,present,1,file_000000009de461f785c6af9637a15b74.dat,yes,no
file_000000009f00720c994c8127c4d5d10d.dat,asset,285352,present,1,file_000000009f00720c994c8127c4d5d10d.dat,yes,no
file_000000009f4871f58b84919b82103742.dat,asset,461960,present,1,file_000000009f4871f58b84919b82103742.dat,yes,no
file_000000009f74722f99a843bf0ae0ca00.dat,asset,2712415,present,1,file_000000009f74722f99a843bf0ae0ca00.dat,yes,no
file_000000009fa8722f822a3c0373efe906.dat,asset,575324,present,1,file_000000009fa8722f822a3c0373efe906.dat,yes,no
file_00000000a09071fdb07950be538fec10.dat,asset,278748,present,1,file_00000000a09071fdb07950be538fec10.dat,yes,no
file_00000000a3b471fb878a231790d99abb.dat,asset,211542,present,1,file_00000000a3b471fb878a231790d99abb.dat,yes,no
file_00000000a3f4722fb65fba9c7236a30b.dat,asset,386503,present,1,file_00000000a3f4722fb65fba9c7236a30b.dat,yes,no
file_00000000a42471f591b2cc983a3fc0fc.dat,asset,170182,present,1,file_00000000a42471f591b2cc983a3fc0fc.dat,yes,no
file_00000000a474720ca68aeba7da03f421.dat,asset,651214,present,1,file_00000000a474720ca68aeba7da03f421.dat,yes,no
file_00000000a4c871fda55817c43f2e18bd.dat,asset,104883,present,1,file_00000000a4c871fda55817c43f2e18bd.dat,yes,no
file_00000000a60871f5b1256e3f50080836.dat,asset,379539,present,1,file_00000000a60871f5b1256e3f50080836.dat,yes,no
file_00000000a6b471fd802b1086b82dbe2c.dat,asset,28245,present,1,file_00000000a6b471fd802b1086b82dbe2c.dat,yes,no
file_00000000a75c722f84f356e231c320d0.dat,asset,126985,present,1,file_00000000a75c722f84f356e231c320d0.dat,yes,no
file_00000000a7c871fdba294707bb79099e.dat,asset,404991,present,1,file_00000000a7c871fdba294707bb79099e.dat,yes,no
file_00000000a864720cb2332068437de2f3.dat,asset,504241,present,1,file_00000000a864720cb2332068437de2f3.dat,yes,no
file_00000000a934722f8ff8c9b242398702.dat,asset,571045,present,1,file_00000000a934722f8ff8c9b242398702.dat,yes,no
file_00000000a94471f59db88f753db09200.dat,asset,38194,present,1,file_00000000a94471f59db88f753db09200.dat,yes,no
file_00000000aa04722f809c5b5605a17fdb.dat,asset,271579,present,1,file_00000000aa04722f809c5b5605a17fdb.dat,yes,no
file_00000000aa1c71f58320f5a6dc268cbd.dat,asset,682707,present,1,file_00000000aa1c71f58320f5a6dc268cbd.dat,yes,no
file_00000000aaf871fd99d203e5f746f848.dat,asset,4173520,present,1,file_00000000aaf871fd99d203e5f746f848.dat,yes,no
file_00000000abbc722f86e1462b82cfdb5b.dat,asset,315539,present,1,file_00000000abbc722f86e1462b82cfdb5b.dat,yes,no
file_00000000ad04722fa601ca3c8c7cda1e.dat,asset,3332894,present,1,file_00000000ad04722fa601ca3c8c7cda1e.dat,yes,no
file_00000000ad1071fd913bb514c82bc694.dat,asset,372774,present,1,file_00000000ad1071fd913bb514c82bc694.dat,yes,no
file_00000000ada071fdb6fc96f0939bf52a.dat,asset,518518,present,1,file_00000000ada071fdb6fc96f0939bf52a.dat,yes,no
file_00000000aec8722fb08e8e284ed5fdcd.dat,asset,3342936,present,1,file_00000000aec8722fb08e8e284ed5fdcd.dat,yes,no
file_00000000aef8720cb96bc38f26323aa0.dat,asset,232003,present,1,file_00000000aef8720cb96bc38f26323aa0.dat,yes,no
file_00000000af28722f924823600bff3b41.dat,asset,533285,present,1,file_00000000af28722f924823600bff3b41.dat,yes,no
file_00000000b09871f79a371b7da065e211.dat,asset,743523,present,1,file_00000000b09871f79a371b7da065e211.dat,yes,no
file_00000000b11871f898aecb9ec48a13ed.dat,asset,312771,present,1,file_00000000b11871f898aecb9ec48a13ed.dat,yes,no
file_00000000b170722f854b4b49f520a4e7.dat,asset,1337445,present,1,file_00000000b170722f854b4b49f520a4e7.dat,yes,no
file_00000000b188722f99e0f1efe5c71fae.dat,asset,221221,present,1,file_00000000b188722f99e0f1efe5c71fae(1).dat,yes,no
file_00000000b2cc61f7bbb3dd67ed9537d1.dat,asset,362366,present,1,file_00000000b2cc61f7bbb3dd67ed9537d1.dat,yes,no
file_00000000b39471f686dc4ce3a8608173.dat,asset,1002654,present,1,file_00000000b39471f686dc4ce3a8608173.dat,yes,no
file_00000000b3b061f5a7310c8b6d3a1b3f.dat,asset,522647,present,1,file_00000000b3b061f5a7310c8b6d3a1b3f.dat,yes,no
file_00000000b3fc71fd8986450223508185.dat,asset,62887,present,1,file_00000000b3fc71fd8986450223508185.dat,yes,no
file_00000000b5a471fba5a9435cb2b74dba.dat,asset,250924,present,1,file_00000000b5a471fba5a9435cb2b74dba.dat,yes,no
file_00000000b66471f5882c514feea40c3e.dat,asset,391278,present,1,file_00000000b66471f5882c514feea40c3e.dat,yes,no
file_00000000b6c4723089e973d9cf40114d.dat,asset,86898,present,1,file_00000000b6c4723089e973d9cf40114d.dat,yes,no
file_00000000b71471f8bfdbb36213d39ee9.dat,asset,30157,present,1,file_00000000b71471f8bfdbb36213d39ee9.dat,yes,no
file_00000000b84871f6948e75aaed147c31.dat,asset,130047,present,1,file_00000000b84871f6948e75aaed147c31.dat,yes,no
file_00000000b87871f58c49c84bba95ba89.dat,asset,110411,present,1,file_00000000b87871f58c49c84bba95ba89.dat,yes,no
file_00000000b8d471f7b5597f027996fc33.dat,asset,217063,present,1,file_00000000b8d471f7b5597f027996fc33.dat,yes,no
file_00000000b91071fdb0d041cc5da6dc09.dat,asset,2329385,present,1,file_00000000b91071fdb0d041cc5da6dc09.dat,yes,no
file_00000000b96c620aa8d65d65332ebf84.dat,asset,337614,present,1,file_00000000b96c620aa8d65d65332ebf84.dat,yes,no
file_00000000ba18722fbf39dfac8e8af1f7.dat,asset,591,present,1,file_00000000ba18722fbf39dfac8e8af1f7(1).dat,yes,no
file_00000000ba3861fda2d56e12705e9021.dat,asset,241076,present,1,file_00000000ba3861fda2d56e12705e9021(1).dat,yes,no
file_00000000ba68722fa89340150d451997.dat,asset,756078,present,1,file_00000000ba68722fa89340150d451997(1).dat,yes,no
file_00000000bb94722fbcdec9ed07df2d64.dat,asset,361605,present,1,file_00000000bb94722fbcdec9ed07df2d64(1).dat,yes,no
file_00000000bbdc71f6887600689e7f4afa.dat,asset,72084,present,1,file_00000000bbdc71f6887600689e7f4afa(1).dat,yes,no
file_00000000bc64722f8b1f72d26201ed81.dat,asset,700651,present,1,file_00000000bc64722f8b1f72d26201ed81.dat,yes,no
file_00000000bd2471f591a51fb61586981c.dat,asset,669156,present,1,file_00000000bd2471f591a51fb61586981c.dat,yes,no
file_00000000bd5871fd8c1c04cbdaed2abd.dat,asset,100718,present,1,file_00000000bd5871fd8c1c04cbdaed2abd.dat,yes,no
file_00000000bf8071fd990d9a2c17ca3942.dat,asset,29498,present,1,file_00000000bf8071fd990d9a2c17ca3942.dat,yes,no
file_00000000bfb071fd8c6ea365c90e9872.dat,asset,36282,present,1,file_00000000bfb071fd8c6ea365c90e9872.dat,yes,no
file_00000000c000722f8995983cec0a29e0.dat,asset,105718,present,2,file_00000000c000722f8995983cec0a29e0(2).dat | file_00000000c000722f8995983cec0a29e0.dat,yes,no
file_00000000c010722f8f586c04e479cc51.dat,asset,547347,present,1,file_00000000c010722f8f586c04e479cc51(1).dat,yes,no
file_00000000c04871f5a88544c231ee82d9.dat,asset,42171,present,1,file_00000000c04871f5a88544c231ee82d9(1).dat,yes,no
file_00000000c04c71f5b33cf2c4083db632.dat,asset,3715387,present,2,file_00000000c04c71f5b33cf2c4083db632(1).dat | file_00000000c04c71f5b33cf2c4083db632.dat,yes,no
file_00000000c0d071fd9bc9d19346e12eec.dat,asset,304435,present,1,file_00000000c0d071fd9bc9d19346e12eec.dat,yes,no
file_00000000c0f471fda9c9c7c89bacf8fc.dat,asset,222407,present,1,file_00000000c0f471fda9c9c7c89bacf8fc.dat,yes,no
file_00000000c14071fd97e1d1e21800c86d.dat,asset,44455,present,1,file_00000000c14071fd97e1d1e21800c86d(1).dat,yes,no
file_00000000c1b471fdadaaec7cba08db07.dat,asset,308847,present,1,file_00000000c1b471fdadaaec7cba08db07.dat,yes,no
file_00000000c2607230810f73a44e86c222.dat,asset,6554,present,1,file_00000000c2607230810f73a44e86c222.dat,yes,no
file_00000000c2dc71fdae29c9f291566537.dat,asset,117166,present,1,file_00000000c2dc71fdae29c9f291566537.dat,yes,no
file_00000000c37471f5ad72e465ae86359e.dat,asset,2511492,present,1,file_00000000c37471f5ad72e465ae86359e(1).dat,yes,no
file_00000000c37c622fb2ccd1e59c0d992c.dat,asset,111164,present,1,file_00000000c37c622fb2ccd1e59c0d992c(1).dat,yes,no
file_00000000c37c71fd93826a0e0d49b139.dat,asset,294697,present,1,file_00000000c37c71fd93826a0e0d49b139.dat,yes,no
file_00000000c388722fbaf47f3a118bd1ad.dat,asset,68546,present,1,file_00000000c388722fbaf47f3a118bd1ad.dat,yes,no
file_00000000c5b8722f8cbd931cdefc672e.dat,asset,572123,present,1,file_00000000c5b8722f8cbd931cdefc672e.dat,yes,no
file_00000000c70471f883e0d9a4d6fed442.dat,asset,348229,present,1,file_00000000c70471f883e0d9a4d6fed442.dat,yes,no
file_00000000c76871fd8a3a8af0f7e87101.dat,asset,37784,present,1,file_00000000c76871fd8a3a8af0f7e87101.dat,yes,no
file_00000000c834722fbe76e11ea1b1e080.dat,asset,339630,present,1,file_00000000c834722fbe76e11ea1b1e080.dat,yes,no
file_00000000c94471fda35ecdc35e5dc207.dat,asset,1183440,present,1,file_00000000c94471fda35ecdc35e5dc207.dat,yes,no
file_00000000ca5071fd88c88722cde81b07.dat,asset,125397,present,1,file_00000000ca5071fd88c88722cde81b07.dat,yes,no
file_00000000ca9c722f9f2a8a190f2b954f.dat,asset,264592,present,1,file_00000000ca9c722f9f2a8a190f2b954f.dat,yes,no
file_00000000cac8722f8ac52d224c30f619.dat,asset,60746,present,1,file_00000000cac8722f8ac52d224c30f619.dat,yes,no
file_00000000cb6c71fd8f0d58ede3cf890e.dat,asset,27203,present,1,file_00000000cb6c71fd8f0d58ede3cf890e.dat,yes,no
file_00000000cc04720cb90f4530d07e558b.dat,asset,65312,present,1,file_00000000cc04720cb90f4530d07e558b.dat,yes,no
file_00000000ccd471f5af83705b4d2b5fe3.dat,asset,696078,present,1,file_00000000ccd471f5af83705b4d2b5fe3.dat,yes,no
file_00000000cd3471f6b11a9660144d297d.dat,asset,336385,present,1,file_00000000cd3471f6b11a9660144d297d.dat,yes,no
file_00000000ce4071fd86dc1155909cbf18.dat,asset,68365,present,1,file_00000000ce4071fd86dc1155909cbf18.dat,yes,no
file_00000000cef471f7b34adba515d052d0.dat,asset,3466967,present,1,file_00000000cef471f7b34adba515d052d0.dat,yes,no
file_00000000d13471fda2a43b6b6aebf01b.dat,asset,3576765,present,1,file_00000000d13471fda2a43b6b6aebf01b.dat,yes,no
file_00000000d15c71f5ad58f38135914fa8.dat,asset,105718,present,1,file_00000000d15c71f5ad58f38135914fa8.dat,yes,no
file_00000000d1d4722fa7815854039b8649.dat,asset,867871,present,1,file_00000000d1d4722fa7815854039b8649.dat,yes,no
file_00000000d1dc71fd9bae51ec1cce9710.dat,asset,804530,present,1,file_00000000d1dc71fd9bae51ec1cce9710.dat,yes,no
file_00000000d25c71fdb5487399b791f258.dat,asset,1341269,present,1,file_00000000d25c71fdb5487399b791f258.dat,yes,no
file_00000000d26871fdb2494322681741e3.dat,asset,291008,present,1,file_00000000d26871fdb2494322681741e3.dat,yes,no
file_00000000d2f871f5afb4d4dd9075f63d.dat,asset,486797,present,1,file_00000000d2f871f5afb4d4dd9075f63d.dat,yes,no
file_00000000d5d4722fb52335be32e7df6c.dat,asset,355476,present,1,file_00000000d5d4722fb52335be32e7df6c.dat,yes,no
file_00000000d5f471f5ad039fdf129400be.dat,asset,157806,present,1,file_00000000d5f471f5ad039fdf129400be.dat,yes,no
file_00000000d704722f8b0c30e6f2f0c983.dat,asset,43758,present,1,file_00000000d704722f8b0c30e6f2f0c983.dat,yes,no
file_00000000d80c722fbd35416505944cb6.dat,asset,340318,present,1,file_00000000d80c722fbd35416505944cb6.dat,yes,no
file_00000000d84071f58842fcea5307bd70.dat,asset,3523072,present,1,file_00000000d84071f58842fcea5307bd70.dat,yes,no
file_00000000d96071fd8d770d839f00efd2.dat,asset,454814,present,1,file_00000000d96071fd8d770d839f00efd2.dat,yes,no
file_00000000d9f461f6b68b7835e4d67fc6.dat,asset,223187,present,1,file_00000000d9f461f6b68b7835e4d67fc6.dat,yes,no
file_00000000da2861f79af130e47bf734e6.dat,asset,985986,present,1,file_00000000da2861f79af130e47bf734e6.dat,yes,no
file_00000000da48722f9bfc094147f082ee.dat,asset,3984054,present,1,file_00000000da48722f9bfc094147f082ee.dat,yes,no
file_00000000daa871f59f2aabc089e42a01.dat,asset,5218596,present,1,file_00000000daa871f59f2aabc089e42a01.dat,yes,no
file_00000000db9071fdbcd7235f381182e3.dat,asset,1098445,present,1,file_00000000db9071fdbcd7235f381182e3.dat,yes,no
file_00000000dbe471f58e790b96763d934a.dat,asset,416235,present,1,file_00000000dbe471f58e790b96763d934a.dat,yes,no
file_00000000dca471fd923b4d13e9173330.dat,asset,171864,present,1,file_00000000dca471fd923b4d13e9173330.dat,yes,no
file_00000000dcec71fda56a497e311698e2.dat,asset,67902,present,1,file_00000000dcec71fda56a497e311698e2.dat,yes,no
file_00000000ddd461f7889d0758a8994016.dat,asset,326240,present,1,file_00000000ddd461f7889d0758a8994016.dat,yes,no
file_00000000de40722f9826cfc4fb63f78d.dat,asset,102053,present,1,file_00000000de40722f9826cfc4fb63f78d.dat,yes,no
file_00000000de6c71f894f94cfa5834f923.dat,asset,11373,present,1,file_00000000de6c71f894f94cfa5834f923.dat,yes,no
file_00000000de6c722f95a1dc9404ac1076.dat,asset,105113,present,1,file_00000000de6c722f95a1dc9404ac1076.dat,yes,no
file_00000000dee071f59bd555b6c4e831be.dat,asset,919186,present,1,file_00000000dee071f59bd555b6c4e831be.dat,yes,no
file_00000000def471fdb83a184dc610fad6.dat,asset,498268,present,1,file_00000000def471fdb83a184dc610fad6.dat,yes,no
file_00000000e02871f7b316f0828c8866d1.dat,asset,69045,present,1,file_00000000e02871f7b316f0828c8866d1.dat,yes,no
file_00000000e1fc71f5b53c2f5be3b83913.dat,asset,40878,present,1,file_00000000e1fc71f5b53c2f5be3b83913.dat,yes,no
file_00000000e220720c82b8902c0abb3627.dat,asset,270201,present,1,file_00000000e220720c82b8902c0abb3627(1).dat,yes,no
file_00000000e26871f58ce597674a045f0e.dat,asset,169710,present,1,file_00000000e26871f58ce597674a045f0e(1).dat,yes,no
file_00000000e2bc71fd831254f8e69d07c9.dat,asset,36814,present,1,file_00000000e2bc71fd831254f8e69d07c9.dat,yes,no
file_00000000e34861f790f753c004e541a3.dat,asset,282088,present,1,file_00000000e34861f790f753c004e541a3(1).dat,yes,no
file_00000000e38c71fdb640442cf71152bc.dat,asset,28621,present,1,file_00000000e38c71fdb640442cf71152bc.dat,yes,no
file_00000000e3f071f5a8f3898682ed2a57.dat,asset,49149,present,1,file_00000000e3f071f5a8f3898682ed2a57.dat,yes,no
file_00000000e40071f895c376f314ed78c6.dat,asset,171119,present,1,file_00000000e40071f895c376f314ed78c6(1).dat,yes,no
file_00000000e4f071fd845dc1639f7e956a.dat,asset,58441,present,1,file_00000000e4f071fd845dc1639f7e956a.dat,yes,no
file_00000000e50071f791fc82f0ddf7c99a.dat,asset,410669,present,1,file_00000000e50071f791fc82f0ddf7c99a(1).dat,yes,no
file_00000000e59061f682e1a94e716205a0.dat,asset,461637,present,1,file_00000000e59061f682e1a94e716205a0(1).dat,yes,no
file_00000000e70471fd8994d90adce47bae.dat,asset,563138,present,1,file_00000000e70471fd8994d90adce47bae(1).dat,yes,no
file_00000000e71471fd959e740aab62cee2.dat,asset,2975396,present,1,file_00000000e71471fd959e740aab62cee2(1).dat,yes,no
file_00000000e73871f58c5ad701c12f1225.dat,asset,102318,present,1,file_00000000e73871f58c5ad701c12f1225(1).dat,yes,no
file_00000000e74871fdb8929cc75a297caf.dat,asset,3260094,present,1,file_00000000e74871fdb8929cc75a297caf(1).dat,yes,no
file_00000000e74c722fbd6b4abb60d70405.dat,asset,756906,present,1,file_00000000e74c722fbd6b4abb60d70405.dat,yes,no
file_00000000e7c471fd87c5b7d295996804.dat,asset,4139191,present,1,file_00000000e7c471fd87c5b7d295996804.dat,yes,no
file_00000000e84471fdb1b717f80a7cd3d5.dat,asset,10353,present,1,file_00000000e84471fdb1b717f80a7cd3d5(1).dat,yes,no
file_00000000e84871fba77483aed2a75e25.dat,asset,64456,present,1,file_00000000e84871fba77483aed2a75e25(1).dat,yes,no
file_00000000e86071f783b5667994f37521.dat,asset,31758,present,1,file_00000000e86071f783b5667994f37521.dat,yes,no
file_00000000e86871fdb92ec4b9e27def73.dat,asset,3446217,present,1,file_00000000e86871fdb92ec4b9e27def73(1).dat,yes,no
file_00000000ea1471fd8643e2b23c802748.dat,asset,594858,present,1,file_00000000ea1471fd8643e2b23c802748(1).dat,yes,no
file_00000000eaa0722f826b4d27d014d1db.dat,asset,33692,present,1,file_00000000eaa0722f826b4d27d014d1db(1).dat,yes,no
file_00000000ebb471fd8bad24a75ae7068b.dat,asset,233877,present,1,file_00000000ebb471fd8bad24a75ae7068b(1).dat,yes,no
file_00000000ebe071f7b30f9c93af32e258.dat,asset,490253,present,1,file_00000000ebe071f7b30f9c93af32e258(1).dat,yes,no
file_00000000ec5871f693eab45ac42fee5e.dat,asset,1002654,present,1,file_00000000ec5871f693eab45ac42fee5e(1).dat,yes,no
file_00000000ef5871fd999c09c8340eb75b.dat,asset,3626170,present,1,file_00000000ef5871fd999c09c8340eb75b.dat,yes,no
file_00000000ef6871f59f74d07ac983f8a8.dat,asset,35118,present,1,file_00000000ef6871f59f74d07ac983f8a8.dat,yes,no
file_00000000f01471f59de996b87c49d44a.dat,asset,60420,present,1,file_00000000f01471f59de996b87c49d44a.dat,yes,no
file_00000000f02c71f59bcfc17fc99439c6.dat,asset,613172,present,1,file_00000000f02c71f59bcfc17fc99439c6.dat,yes,no
file_00000000f14c71f58ee5e43a426c0f96.dat,asset,758484,present,1,file_00000000f14c71f58ee5e43a426c0f96.dat,yes,no
file_00000000f28461f59a369f42cbb5b1a1.dat,asset,44450,present,1,file_00000000f28461f59a369f42cbb5b1a1.dat,yes,no
file_00000000f2cc71f885fee4968a2f053d.dat,asset,107564,present,1,file_00000000f2cc71f885fee4968a2f053d.dat,yes,no
file_00000000f2f471fdaeff9ac1c45cba8d.dat,asset,38495,present,1,file_00000000f2f471fdaeff9ac1c45cba8d.dat,yes,no
file_00000000f35471fdbca8fec2acfe6ae3.dat,asset,71542,present,1,file_00000000f35471fdbca8fec2acfe6ae3.dat,yes,no
file_00000000f3b871fdb74938d5810f6d5e.dat,asset,23964,present,1,file_00000000f3b871fdb74938d5810f6d5e.dat,yes,no
file_00000000f40c71f78aaa4b48b74b7c45.dat,asset,3450032,present,1,file_00000000f40c71f78aaa4b48b74b7c45.dat,yes,no
file_00000000f474722fb89ecedd62773f38.dat,asset,609572,present,1,file_00000000f474722fb89ecedd62773f38.dat,yes,no
file_00000000f504722fb10b66af9c5b51f6.dat,asset,1808296,present,1,file_00000000f504722fb10b66af9c5b51f6.dat,yes,no
file_00000000f52471f59d0194ae39e464f0.dat,asset,1388502,present,1,file_00000000f52471f59d0194ae39e464f0.dat,yes,no
file_00000000f6a071f5b5eef5c74073fd29.dat,asset,300187,present,1,file_00000000f6a071f5b5eef5c74073fd29.dat,yes,no
file_00000000f6d871f589d50bf00968aa63.dat,asset,56604,present,1,file_00000000f6d871f589d50bf00968aa63.dat,yes,no
file_00000000f70871f88efe94f9b090f48f.dat,asset,372727,present,1,file_00000000f70871f88efe94f9b090f48f.dat,yes,no
file_00000000f75471fd92ee9633383e40f2.dat,asset,131425,present,1,file_00000000f75471fd92ee9633383e40f2.dat,yes,no
file_00000000f888722fb0d8ce45e0d6d0f0.dat,asset,3837020,present,1,file_00000000f888722fb0d8ce45e0d6d0f0.dat,yes,no
file_00000000f994722f88046e03fc2c4fd9.dat,asset,480286,present,1,file_00000000f994722f88046e03fc2c4fd9.dat,yes,no
file_00000000fa30722f94adcb5a1169ffd4.dat,asset,164594,present,1,file_00000000fa30722f94adcb5a1169ffd4.dat,yes,no
file_00000000fa64720c860d1a2f9c6ebab2.dat,asset,24831,present,1,file_00000000fa64720c860d1a2f9c6ebab2.dat,yes,no
file_00000000faa071f5ab92edced0b1e4ec.dat,asset,134766,present,1,file_00000000faa071f5ab92edced0b1e4ec.dat,yes,no
file_00000000fab871f58005ab6228724ed2.dat,asset,675990,present,1,file_00000000fab871f58005ab6228724ed2.dat,yes,no
file_00000000fb7c71fd8367421c378a7f9c.dat,asset,55277,present,1,file_00000000fb7c71fd8367421c378a7f9c.dat,yes,no
file_00000000fb8471f58eb6af0b7ee47d3b.dat,asset,68914,present,1,file_00000000fb8471f58eb6af0b7ee47d3b.dat,yes,no
file_00000000fc207209a031207c90cf2b76.dat,asset,778664,present,1,file_00000000fc207209a031207c90cf2b76.dat,yes,no
file_00000000fc68722f94e584f244a0a0a5.dat,asset,578781,present,1,file_00000000fc68722f94e584f244a0a0a5.dat,yes,no
file_00000000fc6c71f58b2f5ddf80551766.dat,asset,3532672,present,1,file_00000000fc6c71f58b2f5ddf80551766.dat,yes,no
file_00000000fd3871f58f457270a053d654.dat,asset,233360,present,1,file_00000000fd3871f58f457270a053d654.dat,yes,no
file_00000000fd8071fdb21094b5bce3e6d4.dat,asset,2917694,present,1,file_00000000fd8071fdb21094b5bce3e6d4.dat,yes,no
file_00000000fd98720c8a02ee655eba1c91.dat,asset,901870,present,1,file_00000000fd98720c8a02ee655eba1c91.dat,yes,no
file_00000000fdd871f58a0e2829cc378cff.dat,asset,3488368,present,1,file_00000000fdd871f58a0e2829cc378cff.dat,yes,no
file_00000000ff28722f92f3cc30ddde559a.dat,asset,27251,present,1,file_00000000ff28722f92f3cc30ddde559a.dat,yes,no
file_00000000ff6871f88bb7a6f5e67db336.dat,asset,1541207,present,1,file_00000000ff6871f88bb7a6f5e67db336.dat,yes,no
file_00000000ff90722fb64c4e51bbdf3e2f.dat,asset,793971,present,1,file_00000000ff90722fb64c4e51bbdf3e2f.dat,yes,no
library_files.json,export metadata,250853,not uploaded in this session,0,,,no
message_feedback.json,export metadata,1376,present,1,message_feedback(1).json,yes,no
sites/export_manifest.json,export metadata,171,not uploaded in this session,0,,,no
user.json,restricted account data,178,present,1,user(1).json,yes,yes
user_settings.json,export metadata,4695,present,1,user_settings(1).json,yes,no
