canonical_export_path,uploaded_filename,actual_size_bytes,manifest_size_bytes,size_matches_manifest,sha256
file_0000000007b471f585654564f81631a8.dat,file_0000000007b471f585654564f81631a8.dat,161174,161174,yes,1e93433365ff737a96ae6ad3f0e5ec84f6732f0db324cc35b74460f1246b00a0
file_000000007ae871fda28eeb593cb22163.dat,file_000000007ae871fda28eeb593cb22163.dat,810127,810127,yes,84021ee75f0d01f717b0349ee04bd7c2b66a38e13f6fc57679cd842114ebbbac
file_000000007b08722fb6939ce7a1e73c7a.dat,file_000000007b08722fb6939ce7a1e73c7a.dat,25550,25550,yes,1f58b61ff5ed54a7356b98f3bb9987fedb8cf23702b37558546880a40d51fa50
file_000000007b18722fbca6d9ef336d4df5.dat,file_000000007b18722fbca6d9ef336d4df5.dat,131886,131886,yes,bb73249ca613deebe8b7ce9022ec54e18372b3c67e37d79fe544a0c98c579d44
file_000000007be871fdb042ce8dd3b5657f.dat,file_000000007be871fdb042ce8dd3b5657f.dat,3354847,3354847,yes,ea38b73ad2a28cb0b92c075af2192417f39abfb9e42d9a2fc0d0875e024c1cf9
file_000000007d247230a7bac678947d9e13.dat,file_000000007d247230a7bac678947d9e13.dat,40964,40964,yes,aaf672fb0403cc7a2f9f960dcf93ca01a59902a7a57a21368f2a4c57730c5973
file_000000007de061f7a326dcb1874df018.dat,file_000000007de061f7a326dcb1874df018.dat,342731,342731,yes,79cbc41136ab1f13b509cc2df8e699a16436dca9fec7751774ef336014f024f2
file_000000007e00720cb8f1d025f578d248.dat,file_000000007e00720cb8f1d025f578d248.dat,484607,484607,yes,c2cf9da1d5ca32b3447fc0bc0e606b3dd06b0c51e7f7ee6e59ffe15805303a15
file_000000007e6471f5b98e40ea7df78711.dat,file_000000007e6471f5b98e40ea7df78711.dat,768441,768441,yes,a169b0642f1d94c44943674a6fa3f2803e01b13d96aa26c7cbffcafc928f888c
file_000000007f90722fb25b8d3118ce84e3.dat,file_000000007f90722fb25b8d3118ce84e3.dat,1113876,1113876,yes,588ee7b4c52259637a741a983198bbbaea0833f82068a8d863c94283ab90c7ad
file_000000008b3c720cbe7d266b5a312e2e.dat,file_000000008b3c720cbe7d266b5a312e2e.dat,446690,446690,yes,ed7a7f86ede1ee687eb1f8f930b56077bef0913fafe524f5418db12261ab5935
file_000000008b507230b207e8b6555f3b49.dat,file_000000008b507230b207e8b6555f3b49.dat,175126,175126,yes,a8fe5f6b6cad33269b4044b4282db62f6aa5eda932494ed8f04aa4c7fbcd22d5
file_000000008ba8722f9806d5c9b388bc05.dat,file_000000008ba8722f9806d5c9b388bc05.dat,2068878,2068878,yes,150b321c6c2e12649652ca3948033f9df09108b72dd80f6038107b022b7c8cfd
file_00000000b188722f99e0f1efe5c71fae.dat,file_00000000b188722f99e0f1efe5c71fae(1).dat,221221,221221,yes,e8399e6f701ba4a22f03ed066de1b883157fb366ff7253db4e42861682749906
file_00000000ba18722fbf39dfac8e8af1f7.dat,file_00000000ba18722fbf39dfac8e8af1f7(1).dat,591,591,yes,28777126fbf41ffcc74629a6e0d05c7d6b46d1374fc3629a4546513e049a537f
file_00000000ba3861fda2d56e12705e9021.dat,file_00000000ba3861fda2d56e12705e9021(1).dat,241076,241076,yes,e73a913873f966f4ad728baf2c35f29d9089b427b80e34f6d617d72caa51e1ac
file_00000000ba68722fa89340150d451997.dat,file_00000000ba68722fa89340150d451997(1).dat,756078,756078,yes,057148b291bc4ae0cb13468096cf51db917c4dd2c0029e909bbd5a8330ae10db
file_00000000bb94722fbcdec9ed07df2d64.dat,file_00000000bb94722fbcdec9ed07df2d64(1).dat,361605,361605,yes,b89adcdde07e0207ddab501dcb020bdde9605ff1e0696d17359e50d44fadc2dd
file_00000000bbdc71f6887600689e7f4afa.dat,file_00000000bbdc71f6887600689e7f4afa(1).dat,72084,72084,yes,b7481c22d8edf494384586dfeb5de6bfa4934b8e33351b7f50fe7bdb7b8ceed7
